-- phpMyAdmin SQL Dump
-- version 5.2.1
-- https://www.phpmyadmin.net/
--
-- Host: 127.0.0.1
-- Generation Time: May 06, 2025 at 05:58 AM
-- Server version: 10.4.32-MariaDB
-- PHP Version: 8.0.30

SET SQL_MODE = "NO_AUTO_VALUE_ON_ZERO";
START TRANSACTION;
SET time_zone = "+00:00";


/*!40101 SET @OLD_CHARACTER_SET_CLIENT=@@CHARACTER_SET_CLIENT */;
/*!40101 SET @OLD_CHARACTER_SET_RESULTS=@@CHARACTER_SET_RESULTS */;
/*!40101 SET @OLD_COLLATION_CONNECTION=@@COLLATION_CONNECTION */;
/*!40101 SET NAMES utf8mb4 */;

--
-- Database: `iflair-dental-clinic-management-system`
--

-- --------------------------------------------------------

--
-- Table structure for table `appointment`
--

CREATE TABLE `appointment` (
  `appointment_id` int(11) NOT NULL,
  `patient_id` int(11) NOT NULL,
  `employee_id` int(11) NOT NULL,
  `schedule_date` date NOT NULL,
  `start_time` time NOT NULL,
  `duration` int(11) NOT NULL,
  `next_schedule` datetime NOT NULL,
  `appointment_status` enum('pending','completed','cancelled') NOT NULL,
  `description` varchar(255) DEFAULT NULL,
  `created_at` timestamp NOT NULL DEFAULT current_timestamp()
) ENGINE=InnoDB DEFAULT CHARSET=utf8mb4 COLLATE=utf8mb4_general_ci;

--
-- Dumping data for table `appointment`
--

INSERT INTO `appointment` (`appointment_id`, `patient_id`, `employee_id`, `schedule_date`, `start_time`, `duration`, `next_schedule`, `appointment_status`, `description`, `created_at`) VALUES
(1, 1, 6, '2025-07-16', '09:40:23', 120, '2025-05-20 01:33:52', 'pending', 'Aegrotatio vicissitudo demitto compono demo autus collum curto fugiat textilis viriliter vir iure culpa soleo contigo addo collum stipes denego una animi coma cogito commemoro aestas decretum patruus creptio corporis creo astrum curiositas cenaculum sapie', '2025-05-02 14:46:19'),
(2, 1, 18, '2025-12-26', '15:07:42', 150, '2025-11-07 07:23:48', 'pending', 'Sodalitas crepusculum verumtamen ascisco fugit vergo truculenter taceo caterva charisma cogito succurro campana animi textus aveho tabella tertius voluptas recusandae cresco capillus creta eos eum velit comptus denuo versus vetus vesco defendo.', '2025-05-02 14:46:19'),
(3, 1, 5, '2025-06-19', '15:17:57', 30, '2025-01-09 08:52:53', 'pending', 'Cogito labore deputo ager utor degero cunctatio defleo iste argentum auctor porro iusto quam temporibus ciminatio.', '2025-05-02 14:46:19'),
(4, 1, 25, '2025-09-30', '09:09:23', 90, '2025-03-19 02:09:19', 'pending', 'Canto aliquid aequitas culpa curtus beatus tempora credo acquiro suadeo tumultus cruciamentum tracto bellicus delicate cohaero considero crustulum vigor tactus adicio cuppedia abstergo virgo necessitatibus sub cuppedia deputo clarus arca ventosus vilitas ', '2025-05-02 14:46:19'),
(5, 1, 20, '2025-05-20', '15:20:58', 60, '2025-01-18 23:52:50', 'pending', 'Triumphus minus deorsum ab caute decipio utrimque ambitus attonbitus coadunatio inventore eaque ipsam spiculum cogo agnitio crinis denuncio at eveniet turpis tam trado charisma rerum talus patria quam vigilo.', '2025-05-02 14:46:19'),
(6, 1, 17, '2025-02-01', '10:05:46', 210, '2025-01-24 18:58:53', 'completed', 'Odit cicuta absorbeo constans admoveo somnus volva blandior sumptus consectetur fugit arto caritas astrum spiritus sordeo aureus coerceo voluntarius vomer sublime cohaero quo combibo carcer facilis angulus aureus nesciunt admoneo acidus cursus verus demum', '2025-05-02 14:46:19'),
(7, 1, 65, '2025-08-03', '16:16:47', 30, '2025-11-23 10:35:59', 'pending', 'Theatrum arbor vorax delectus animadverto subseco accedo deinde agnitio conqueror calculus tego bellum contra delectatio vicissitudo aeger amor benevolentia strues suppellex tenetur abstergo thema apto paens cogito blanditiis vallum adsidue vigilo tandem ', '2025-05-02 14:46:19'),
(8, 1, 6, '2025-04-25', '09:55:02', 180, '2025-06-10 05:09:35', 'completed', 'Aequus cupiditate cibo triduana ducimus attonbitus vicissitudo deprecator corrigo sapiente non commodi sustineo apto valeo aurum calcar necessitatibus attonbitus sordeo auxilium vulpes praesentium appello defleo angulus adimpleo amoveo dens bibo non arguo', '2025-05-02 14:46:19'),
(9, 2, 6, '2024-08-31', '10:29:58', 240, '2024-07-24 05:10:36', 'completed', 'Colligo vel coniuratio cerno eius vetus aperiam audeo verus demitto.', '2025-05-02 14:46:19'),
(10, 2, 65, '2024-04-20', '10:44:19', 120, '2024-08-27 17:49:19', 'completed', 'Dapifer clibanus amo vobis contigo terga coniuratio video cresco conservo damnatio volaticus tero carpo vaco talis defleo hic vetus celer suscipit sponte charisma curis utor tutamen cruentus odit quas sunt vilis incidunt vinculum angustus constans convent', '2025-05-02 14:46:19'),
(11, 2, 68, '2024-11-25', '14:21:03', 240, '2024-12-04 20:27:51', 'completed', 'Paens claudeo contigo ulterius vir bis varius taedium amicitia tracto viriliter aer est iusto confugo accommodo mollitia coruscus unde sortitus veniam auditor conventus corrupti alias triumphus centum vulpes aperte abbas acsi perferendis depulso ultra agn', '2025-05-02 14:46:19'),
(12, 2, 14, '2024-09-23', '13:09:34', 120, '2024-10-13 04:40:33', 'completed', 'Admiratio calculus umerus averto stillicidium aveho virgo accusator apostolus arceo aranea abduco cognatus casus baiulus cras cohibeo maiores ventus magni vigor accusator vulgaris ascit fugiat quo culpa barba laboriosam cotidie testimonium vigilo torqueo ', '2025-05-02 14:46:19'),
(13, 2, 23, '2024-03-22', '12:12:47', 120, '2024-03-25 02:26:31', 'cancelled', 'Iusto aequus soleo vito teneo careo taceo venustas amplus alveus vigor caput vel hic concedo somnus delinquo maiores paulatim tamdiu acies tutis defungo pauci viriliter ascisco voluptatum creator utrimque ustulo solitudo aliqua vehemens vomica abutor conv', '2025-05-02 14:46:19'),
(14, 3, 6, '2020-12-20', '14:05:06', 60, '2020-05-09 18:46:52', 'completed', 'Delectatio copia bene cumque tibi rem civitas debilito alo calcar est auctor vulgivagus antepono terga caritas suspendo cunabula atqui conor certus canto caritas creptio barba vigilo volutabrum thema ubi curto cogito ea vulgo praesentium articulus varieta', '2025-05-02 14:46:19'),
(15, 3, 65, '2020-01-17', '11:53:19', 240, '2020-03-11 16:11:26', 'completed', NULL, '2025-05-02 14:46:19'),
(16, 3, 13, '2020-04-26', '10:39:33', 30, '2020-11-25 10:16:31', 'completed', 'Alias canto dedecor careo eveniet soluta aranea creptio statua deficio acerbitas repellat aureus ater amitto sapiente totidem impedit varius ocer tergeo comes solio cunae ater cauda velum cimentarius coruscus cervus vos artificiose decet tribuo valeo term', '2025-05-02 14:46:19'),
(17, 3, 16, '2020-05-15', '10:21:35', 60, '2020-10-22 00:24:03', 'cancelled', NULL, '2025-05-02 14:46:19'),
(18, 3, 4, '2020-03-30', '14:29:18', 120, '2020-06-13 02:20:01', 'cancelled', 'Una cum trans bis vacuus voluntarius theologus terreo adsum tersus annus spectaculum stipes victus abutor alius clam ager acervus temptatio cognatus.', '2025-05-02 14:46:19'),
(19, 4, 68, '2020-02-27', '11:25:15', 240, '2019-12-06 16:18:37', 'completed', NULL, '2025-05-02 14:46:19'),
(20, 4, 8, '2021-10-04', '15:59:49', 210, '2020-10-15 05:39:18', 'completed', 'Defluo degusto acervus synagoga tenuis beneficium agnosco sui timidus comptus victoria est clam depereo consuasor stella praesentium terebro.', '2025-05-02 14:46:19'),
(21, 4, 64, '2019-04-04', '12:41:03', 180, '2020-12-09 10:40:24', 'completed', NULL, '2025-05-02 14:46:19'),
(22, 4, 67, '2021-01-24', '09:17:36', 60, '2021-04-05 00:18:33', 'cancelled', 'Suscipio utroque aequitas templum thermae commodo deduco alter demulceo dapifer audentia adhaero cupiditas dolorem barba torrens celebrer aut vis non suffragium nesciunt cui stultus aegrotatio ascit viduo vorago curriculum utor bibo abutor demoror.', '2025-05-02 14:46:19'),
(23, 4, 25, '2019-03-11', '13:58:05', 60, '2019-12-01 02:15:44', 'completed', 'Angelus dolores cur thalassinus vapulus conspergo deleniti adamo subnecto esse quam charisma quod cunabula creta celebrer venio colligo bibo cibo eligendi debeo appositus crux voveo aufero admitto vaco apud volup sursum ultio attero ut viscus contabesco a', '2025-05-02 14:46:19'),
(24, 4, 16, '2019-06-21', '16:50:22', 240, '2020-07-01 06:24:45', 'completed', 'Tabula supellex aegrus tergum admoneo sumptus traho tempore vilitas artificiose decet censura virga adinventitias ustulo thesis carbo corroboro aequus bonus.', '2025-05-02 14:46:19'),
(25, 4, 23, '2021-09-16', '10:18:38', 180, '2019-05-05 18:50:21', 'completed', 'Similique id doloremque sursum itaque suggero cruciamentum vulgaris quia aptus admiratio acidus victoria artificiose maxime nisi cinis surculus coadunatio alo vado accusamus decet patior creo curtus cotidie somniculosus deleo teneo laborum libero substant', '2025-05-02 14:46:19'),
(26, 5, 2, '2019-05-08', '14:00:15', 240, '2020-08-25 18:09:31', 'completed', NULL, '2025-05-02 14:46:19'),
(27, 5, 12, '2017-02-01', '15:47:20', 120, '2020-04-07 06:56:20', 'completed', NULL, '2025-05-02 14:46:19'),
(28, 5, 9, '2018-02-15', '12:39:09', 120, '2019-05-19 21:40:38', 'completed', 'Tonsor celebrer vita acidus ventus speculum crux strenuus totam excepturi comparo cura minima atque curo coerceo denuncio ab quas canis molestiae consuasor dedico carmen vita color est temporibus vivo usitas labore.', '2025-05-02 14:46:19'),
(29, 5, 61, '2018-12-31', '13:38:29', 90, '2020-10-30 03:46:40', 'cancelled', 'Defessus quos thermae antepono barba celo degenero comparo vehemens unus damno desino bellicus cohaero venustas copia aspicio cibo dolores deputo cerno constans adinventitias supellex stella accusator similique creo timidus supellex asper trucido candidus', '2025-05-02 14:46:19'),
(30, 5, 63, '2019-09-30', '15:51:49', 240, '2017-05-03 04:16:07', 'completed', 'Desipio harum decens volaticus suppellex cubo explicabo suffragium vociferor tui facere comis amplus virga studio paens capio.', '2025-05-02 14:46:19'),
(31, 5, 8, '2020-08-23', '12:42:08', 180, '2020-08-27 04:45:58', 'completed', 'Cetera delinquo campana quae aspicio carpo conventus minima vulgivagus cornu caries valetudo super tamquam solus nisi tristis accendo cunctatio contego fugit vulgo.', '2025-05-02 14:46:19'),
(32, 5, 18, '2020-04-30', '16:21:47', 240, '2020-12-03 02:31:21', 'completed', 'Complectus tribuo adnuo cupiditas cena adamo quo provident possimus spiculum culpa depopulo accommodo facere culpo ars cunabula calamitas reprehenderit ancilla porro amitto comptus asperiores subvenio abundans termes facere caries validus aliqua approbo d', '2025-05-02 14:46:19'),
(33, 6, 65, '2021-11-25', '12:55:05', 210, '2018-01-08 08:38:14', 'completed', NULL, '2025-05-02 14:46:19'),
(34, 6, 2, '2021-07-12', '10:31:51', 30, '2021-03-06 16:32:14', 'completed', 'Amor repudiandae cogo depromo cras tollo ea deleo corporis vita arma accusamus colligo vereor tametsi supplanto advenio ademptio strenuus complectus consectetur absum virga conventus adflicto deinde peccatus vinculum tui repellendus curso ex ventus deduco', '2025-05-02 14:46:19'),
(35, 6, 70, '2021-06-01', '15:24:17', 150, '2019-02-28 16:55:02', 'completed', 'Vulgo despecto nobis blandior conforto custodia angustus spoliatio thorax aegre aranea pecus vinum contigo doloribus quam veritatis exercitationem subito vae mollitia angelus censura distinctio stipes tepidus.', '2025-05-02 14:46:19'),
(36, 6, 7, '2019-04-25', '09:53:42', 150, '2021-05-21 22:04:23', 'completed', 'Barba solutio aequitas cunabula suspendo super coruscus itaque accedo cimentarius consuasor accommodo utrum supellex carbo admoneo vindico valde vergo vitiosus vacuus ara fugit celebrer adhuc creo facilis perferendis subseco solitudo vae in condico.', '2025-05-02 14:46:19'),
(37, 6, 20, '2021-09-15', '14:04:11', 60, '2019-08-17 06:30:28', 'completed', 'Qui cultellus caelum tibi vulticulus totidem pecco beatus audentia arcesso nesciunt temeritas laudantium aperte.', '2025-05-02 14:46:19'),
(38, 6, 15, '2021-03-20', '12:00:14', 240, '2020-04-07 09:05:22', 'completed', 'Caries creo velociter civis audeo amoveo artificiose spero depromo corpus temporibus textus laborum aestivus reprehenderit vindico conturbo sursum creber suscipit sub arceo cupiditate ars virtus deprecator claustrum nostrum exercitationem sollicito error ', '2025-05-02 14:46:19'),
(39, 6, 64, '2020-10-19', '13:38:38', 240, '2020-09-16 05:00:14', 'completed', NULL, '2025-05-02 14:46:19'),
(40, 6, 70, '2020-09-22', '13:54:24', 180, '2021-11-26 08:17:09', 'completed', 'Tenus ut coadunatio traho concedo iusto tolero vulariter absconditus delectus denique impedit apostolus surculus antepono qui avarus carbo cuppedia allatus abeo tot tempora abstergo spoliatio calculus vel conventus magnam strues claudeo surgo at alienus d', '2025-05-02 14:46:19'),
(41, 7, 5, '2021-07-29', '09:12:21', 30, '2021-10-07 06:25:34', 'completed', 'Adaugeo arca acer celebrer torqueo aliqua aestivus sortitus tertius appello conicio sollers aestivus aequitas summopere ullus depromo creta solus solio vulticulus expedita curso validus arcus undique barba vindico terminatio corporis vilicus vesica vestig', '2025-05-02 14:46:19'),
(42, 7, 24, '2021-12-15', '10:34:01', 90, '2021-11-22 01:12:25', 'cancelled', 'Tergo ago totam tres bis adsuesco dapifer modi via cognomen coniuratio maxime cursus verto illum cribro capto clementia vociferor tabula creator utor crepusculum ademptio vulgaris amor curvo considero abutor vos tego via vilis occaecati trucido molestias ', '2025-05-02 14:46:19'),
(43, 7, 23, '2021-07-22', '12:56:02', 240, '2021-10-21 15:21:33', 'completed', 'Testimonium cinis eos tabula custodia vulpes socius tumultus agnitio cogo infit accusator fugiat validus arguo texo nesciunt arbustum arbustum consectetur vix verumtamen quas.', '2025-05-02 14:46:19'),
(44, 7, 62, '2021-04-24', '11:59:04', 60, '2021-02-14 23:13:23', 'completed', 'Vaco trepide mollitia suspendo arbitro decerno animadverto nihil valde quae aliquid aspicio velum nam acceptus adicio vestigium caries animi voluptate derideo urbanus ullam credo calcar conduco debeo sollers vergo carpo comprehendo urbanus summisse ipsum ', '2025-05-02 14:46:19'),
(45, 7, 10, '2021-04-14', '11:48:53', 180, '2021-12-28 10:58:10', 'completed', 'Veniam ventus benigne quidem appono aliquid cavus cognomen contego accendo deludo ulciscor ipsam vicinus modi sollers adhuc sumo tenax ater villa quod denuncio ante demonstro sono creo verecundia solium utilis pauper cohaero curso cito natus antea cognome', '2025-05-02 14:46:19'),
(46, 8, 18, '2023-07-07', '10:07:22', 60, '2023-01-10 23:39:03', 'completed', 'Modi tredecim uredo adsuesco taedium delicate caelum cunae strenuus vae delibero quo utor sortitus desolo demum tantum tripudio consequatur ager quia defaeco crustulum termes fuga tabula cogito cervus virga saepe conicio chirographum caterva campana celer', '2025-05-02 14:46:19'),
(47, 8, 69, '2023-12-09', '15:50:40', 240, '2023-10-13 01:40:47', 'completed', 'Vis attollo subvenio sequi conqueror turba stella toties vulgus casus cursim.', '2025-05-02 14:46:19'),
(48, 8, 10, '2023-08-21', '15:55:31', 30, '2023-09-13 22:13:34', 'completed', 'Tersus comitatus voluptas assumenda quos trucido pauper averto stips bos caecus vilicus cuius debilito contabesco adipiscor demergo solum accusamus voveo bestia deserunt candidus campana vel adhaero addo abbas utrum abbas calamitas.', '2025-05-02 14:46:19'),
(49, 8, 65, '2023-10-03', '12:09:28', 30, '2023-07-31 07:52:59', 'cancelled', NULL, '2025-05-02 14:46:19'),
(50, 8, 62, '2023-11-25', '12:16:50', 90, '2023-09-06 11:57:44', 'completed', 'Nobis subvenio coniuratio vicinus ad bardus consectetur similique aestivus tenuis turpis valetudo angulus suggero desolo abundans comptus cruentus cilicium adversus versus aestus carbo cur termes coruscus fuga tui clementia desidero adhaero sopor teres ab', '2025-05-02 14:46:19'),
(51, 8, 15, '2023-07-25', '15:21:32', 150, '2023-06-19 01:13:01', 'completed', 'Cedo volva deleniti corpus urbanus aranea pecco tollo barba succurro venio ambulo alter acsi cimentarius cubitum dapifer odit aetas ara repellat coaegresco magni curvo cumque aliquam somniculosus causa tergum desidero depono quisquam triduana dolore curia', '2025-05-02 14:46:19'),
(52, 8, 63, '2023-09-09', '12:22:42', 150, '2023-04-22 20:33:40', 'completed', 'Vester cuppedia pecus aetas ulciscor laborum peccatus tribuo voco clementia sit desidero cogito cribro officia tego paulatim vulpes audax reiciendis unde ipsum culpo tolero voluptatibus perspiciatis.', '2025-05-02 14:46:19'),
(53, 8, 25, '2023-04-03', '13:59:13', 90, '2023-11-03 21:03:26', 'completed', 'Claustrum spero addo illo illo canis tero aufero id incidunt adsum perferendis callide.', '2025-05-02 14:46:19'),
(54, 8, 70, '2023-12-06', '09:53:00', 150, '2023-07-23 18:37:49', 'completed', 'Crinis balbus tripudio cultellus complectus excepturi earum vae arbor annus explicabo adimpleo dolore cometes tabernus capillus caelum sunt cavus defendo versus sunt bellum appello enim charisma vorago vis deserunt accusantium crur decimus virtus solio ag', '2025-05-02 14:46:19'),
(55, 8, 70, '2023-04-26', '09:02:43', 150, '2023-10-12 02:25:33', 'completed', 'Laudantium vallum tempora exercitationem cariosus cogito vicissitudo desolo utrimque vulariter minus curis clementia veritatis audax aegrotatio pariatur deputo volubilis conturbo credo cimentarius video ara delibero tenetur veritas voluptatum ducimus comp', '2025-05-02 14:46:19'),
(56, 9, 6, '2018-06-24', '16:20:28', 30, '2020-07-09 19:58:50', 'cancelled', 'Adimpleo decretum debilito comburo tricesimus creber repellat unus umerus voluptates corrigo super tenetur bis sustineo careo sint currus cogito tenax cetera utique uter terebro apto numquam cohibeo turbo peccatus decerno auxilium agnitio omnis sodalitas ', '2025-05-02 14:46:19'),
(57, 9, 4, '2020-06-07', '16:11:14', 210, '2021-12-25 05:21:16', 'completed', NULL, '2025-05-02 14:46:19'),
(58, 9, 69, '2021-01-19', '09:13:47', 150, '2018-12-04 23:22:49', 'completed', NULL, '2025-05-02 14:46:19'),
(59, 9, 67, '2020-08-18', '13:33:34', 60, '2019-12-15 16:55:49', 'completed', 'Spoliatio auditor quam utrimque crur sonitus non et calcar averto sto adflicto umerus earum corroboro quos valens exercitationem mollitia uredo apto baiulus mollitia consequatur ver aurum theologus quidem tego certe pauper degenero conatus cui vomito demi', '2025-05-02 14:46:19'),
(60, 9, 23, '2019-08-29', '15:39:58', 180, '2020-10-10 16:38:30', 'completed', 'Thymum solitudo amoveo derideo clamo ustilo crapula depulso textilis ante antiquus cibo auxilium super ascit excepturi aequus.', '2025-05-02 14:46:19'),
(61, 9, 62, '2020-09-30', '15:00:51', 180, '2020-07-28 15:11:11', 'completed', 'Adsidue coruscus alo tardus cum defungo ut sursum vicinus territo vetus cometes pauci atque thorax coerceo tabella ater coma vero comes suus casus triumphus teres viridis nam tabernus suffoco sunt crepusculum vae compello praesentium at acidus depulso sup', '2025-05-02 14:46:19'),
(62, 9, 62, '2019-02-23', '13:39:55', 210, '2019-08-09 16:01:24', 'completed', 'Apparatus sollers approbo ager eius creber anser atavus totus carcer officia defluo teres uter curvo minus crapula pecco clibanus aestus vitiosus adamo curo quasi.', '2025-05-02 14:46:19'),
(63, 9, 5, '2020-11-16', '16:35:17', 210, '2021-02-14 14:18:04', 'completed', NULL, '2025-05-02 14:46:19'),
(64, 9, 13, '2020-07-22', '10:30:26', 120, '2021-12-25 08:50:51', 'completed', 'Curtus tam vox inventore vallum vaco veniam sapiente animi circumvenio clamo praesentium quidem aestas abeo cui tabula conservo vetus suasoria artificiose optio surgo praesentium adsidue caelestis cultellus caput sum temeritas accedo tollo velit accusator', '2025-05-02 14:46:19'),
(65, 10, 8, '2021-01-25', '14:22:29', 150, '2021-09-02 13:08:18', 'completed', NULL, '2025-05-02 14:46:19'),
(66, 10, 12, '2021-06-20', '09:57:13', 240, '2021-10-15 15:08:34', 'cancelled', 'Amitto supplanto optio voluptatum torrens corrumpo urbanus vomer tandem comparo sursum atrox deduco porro suasoria damno curiositas spargo pauper taceo cruciamentum cursus repudiandae amaritudo tres delego amitto commemoro tepesco vos appello varius cliba', '2025-05-02 14:46:19'),
(67, 10, 1, '2021-10-07', '14:06:56', 180, '2021-05-06 21:55:48', 'completed', 'Caste acervus cernuus facere tempore dedico solutio tergo tergeo blanditiis stillicidium tamen admiratio surculus rerum solus thorax vorax vivo blandior in.', '2025-05-02 14:46:19'),
(68, 10, 7, '2021-10-20', '11:16:39', 120, '2021-09-26 00:18:45', 'cancelled', 'Appositus adduco carpo comparo adsum autem capillus curtus cilicium solus tamisium aestus somniculosus adhuc caput decimus usque vos aggero concedo virtus deleo sum adfectus adipisci vero bibo cogito temptatio conqueror sed tumultus balbus taedium veritas', '2025-05-02 14:46:19'),
(69, 10, 7, '2021-11-11', '11:07:36', 180, '2021-01-12 19:12:07', 'completed', 'Dolor vita voluptatibus tenetur cernuus tamisium consequatur adhaero commemoro utique tutamen curtus cunabula aggredior stipes solutio ascit demoror debitis crudelis solvo itaque acervus alius trucido autus coruscus vomica conduco adaugeo ago decet commod', '2025-05-02 14:46:19'),
(70, 10, 6, '2021-04-06', '16:24:07', 150, '2021-07-18 03:26:22', 'completed', 'Attollo amor calco ullam placeat coaegresco umerus altus valens summa labore minima creo textor culpo ultra caute claustrum synagoga autem sto eos tenetur nostrum tepesco alo delego eum complectus cognatus validus tunc demonstro subiungo ascit xiphias asc', '2025-05-02 14:46:19'),
(71, 10, 61, '2021-03-09', '15:36:12', 120, '2021-03-06 17:58:47', 'completed', 'Bos itaque laboriosam minima crebro cuius nesciunt sufficio ter crastinus solum velut taedium sui varius suus cibo templum tabula arcus creta vetus tutamen aufero truculenter uterque natus degero repellendus subseco calculus valens aeternus barba possimus', '2025-05-02 14:46:19'),
(72, 10, 23, '2021-04-11', '10:48:34', 60, '2021-01-21 00:02:31', 'completed', 'Peior celer ago calco tamisium stillicidium admoneo solum apto tot verus delibero reprehenderit contego amaritudo patria.', '2025-05-02 14:46:19'),
(73, 10, 6, '2021-05-24', '13:55:30', 60, '2021-04-27 13:50:34', 'completed', 'Delinquo spectaculum surgo depopulo abduco deprecator summisse somniculosus supellex tres subito sollicito exercitationem ulterius aro blanditiis quam alter cupiditate depono voveo quam cognatus alienus antepono alienus cauda virga deleo aestivus volup ae', '2025-05-02 14:46:19'),
(74, 10, 16, '2021-01-17', '11:15:20', 180, '2021-06-19 15:15:23', 'completed', 'Cogo convoco solvo amissio bestia tamisium dapifer cognatus vindico cognatus cui acidus theca comminor comedo canonicus adfectus contego pecus defleo defleo spiculum currus demens deripio demitto uterque cur ulterius chirographum expedita bellicus basium ', '2025-05-02 14:46:19'),
(75, 11, 10, '2021-11-14', '12:24:02', 180, '2021-01-07 13:41:15', 'completed', 'Trans cunctatio natus auctus caput vado carcer cumque cometes ventus nihil ancilla supplanto curo tracto vomer amitto trepide venia derelinquo distinctio talis degero tergiversatio delectatio celer alienus substantia comptus arbustum quas curia mollitia c', '2025-05-02 14:46:19'),
(76, 11, 14, '2021-03-31', '14:49:26', 240, '2021-07-09 16:43:50', 'completed', 'Tutamen deduco sint apud pel pauper spoliatio templum chirographum conatus pecto atqui ustilo aliqua crapula spectaculum veritas urbs attero fuga beatus odio causa sufficio totam angulus temeritas impedit atavus copiose animus consequatur deprecator.', '2025-05-02 14:46:19'),
(77, 11, 3, '2021-05-04', '10:04:53', 210, '2021-07-09 17:32:01', 'completed', NULL, '2025-05-02 14:46:19'),
(78, 11, 7, '2021-05-25', '14:44:19', 180, '2021-06-14 16:59:19', 'completed', 'Curto deprecator volva decor testimonium stipes depereo umbra vero cum atavus vulgaris vilis atrocitas cunabula curiositas concido annus tergum ventosus aperio adeo tergum ascit comes temptatio ratione spectaculum nostrum villa alveus dapifer spiculum sug', '2025-05-02 14:46:19'),
(79, 11, 64, '2021-06-27', '11:00:18', 30, '2021-11-24 07:33:13', 'completed', 'Totam esse crepusculum nemo territo antiquus ea debeo timidus deludo verus advenio fugiat catena caveo comitatus.', '2025-05-02 14:46:19'),
(80, 12, 63, '2023-02-14', '15:23:59', 210, '2022-02-14 04:14:14', 'completed', 'Centum contigo dicta caput thymbra ducimus concido tardus spiritus tabella cenaculum adaugeo condico bellum avarus ustulo barba vespillo advoco supellex coma uredo spoliatio amet casso sum appono thermae ventus thesaurus asper adstringo sustineo deleniti ', '2025-05-02 14:46:19'),
(81, 12, 1, '2022-04-30', '13:17:26', 210, '2022-10-29 15:52:57', 'completed', 'Claro virga tepidus acsi certus ustulo ullus audax denuncio sophismata tardus clarus adulescens tunc asporto vitiosus autem caput amoveo dolorem ascit viridis claro valens consuasor cena voluptatem caelestis adversus dolorum iste dens vilis infit carpo ad', '2025-05-02 14:46:19'),
(82, 12, 3, '2023-08-09', '15:47:00', 180, '2021-06-01 03:40:09', 'completed', NULL, '2025-05-02 14:46:19'),
(83, 12, 5, '2020-08-23', '09:20:25', 210, '2020-05-30 19:02:02', 'completed', NULL, '2025-05-02 14:46:19'),
(84, 12, 61, '2021-09-26', '13:44:06', 30, '2020-11-02 12:39:33', 'cancelled', 'Spes commemoro utrimque trado abutor est combibo xiphias absorbeo beneficium tredecim versus terreo administratio patria cotidie tepidus congregatio consuasor abduco crinis corrumpo.', '2025-05-02 14:46:19'),
(85, 12, 25, '2021-02-11', '10:10:28', 120, '2021-11-12 15:30:20', 'completed', 'Degenero synagoga sit provident creber labore odio crur cohibeo beatae tumultus.', '2025-05-02 14:46:19'),
(86, 13, 7, '2022-07-31', '15:37:58', 30, '2021-04-05 12:01:22', 'completed', 'Doloribus iste sodalitas pecto angustus conturbo appono usitas decretum altus tabella adamo distinctio suasoria amoveo vacuus demulceo artificiose sol trado appono caelestis ad socius sint sui pauper ducimus arto aer cogo coniecto utrum caveo cattus ventu', '2025-05-02 14:46:19'),
(87, 13, 3, '2022-06-20', '15:58:58', 90, '2021-07-28 19:23:59', 'completed', 'Vesica voro urbanus comis corrumpo voluptatem tibi tonsor supra terror degenero animi paulatim ut aeneus facilis sperno eius aliquid tabula vulpes coaegresco corporis denego calculus universe alias tres anser vulgaris corona conventus bonus pax valetudo s', '2025-05-02 14:46:19'),
(88, 13, 2, '2022-07-10', '12:35:54', 150, '2022-06-20 09:46:53', 'completed', NULL, '2025-05-02 14:46:19'),
(89, 13, 17, '2021-08-14', '11:21:19', 240, '2021-02-11 15:42:14', 'completed', 'Viridis stips alii velit labore umquam demulceo talus voluptatibus magnam vapulus terra vinitor perferendis abscido taedium conspergo contego magni combibo vulpes conscendo temeritas vallum aurum volubilis agnosco cupiditate depromo amitto consectetur cav', '2025-05-02 14:46:19'),
(90, 13, 7, '2021-09-22', '13:19:54', 180, '2022-04-18 18:23:09', 'completed', NULL, '2025-05-02 14:46:19'),
(91, 14, 8, '2020-04-21', '09:45:07', 180, '2020-06-09 03:47:59', 'completed', 'Adamo ante tantillus tamquam cuius spes tamen cohors statim summa amplus exercitationem truculenter atque cedo amitto tutamen cometes urbanus ago correptius adulatio enim complectus verus ater abbas deleniti arbitro aeneus arguo sonitus avaritia.', '2025-05-02 14:46:19'),
(92, 14, 7, '2020-10-11', '16:47:30', 150, '2020-05-27 19:14:44', 'completed', NULL, '2025-05-02 14:46:19'),
(93, 14, 17, '2020-03-29', '12:05:47', 240, '2020-09-29 01:27:17', 'cancelled', 'Turbo inventore cohors tertius recusandae distinctio copiose strues apparatus delectatio sublime summopere cedo infit tergeo reiciendis tenetur suus depulso creta in demo timidus calamitas benevolentia deprimo animi cumque suspendo alioqui maiores vorax f', '2025-05-02 14:46:19'),
(94, 15, 67, '2022-12-02', '09:20:49', 180, '2020-11-27 15:53:45', 'cancelled', 'Bibo animi venustas clam omnis perspiciatis aut complectus agnosco alienus combibo totam vulgaris vitium ciminatio abduco coaegresco audeo supra nihil aggero cunabula ascit valeo animadverto tendo una.', '2025-05-02 14:46:19'),
(95, 15, 24, '2023-01-26', '12:14:19', 180, '2021-02-24 08:41:41', 'completed', 'Tempus earum apparatus arcesso animus deorsum temporibus autus articulus crux via doloribus comburo tactus corona tenuis substantia acer decimus alveus tamquam vero admiratio ustilo damnatio trans civis curis fugiat denique adstringo officia carcer consec', '2025-05-02 14:46:19'),
(96, 16, 68, '2020-03-20', '12:29:09', 150, '2020-07-14 04:52:50', 'completed', 'Vobis curis campana tempus corroboro adiuvo vado timor crepusculum victoria titulus caelestis conitor sopor eveniet tunc cibo conservo desino tonsor coerceo trado ubi ea fugiat tolero certus cogito caput victoria coniuratio bestia quis agnitio velut lauda', '2025-05-02 14:46:19'),
(97, 16, 14, '2020-08-05', '13:58:49', 60, '2020-05-29 12:47:33', 'completed', NULL, '2025-05-02 14:46:19'),
(98, 16, 23, '2019-11-12', '14:40:06', 90, '2017-03-03 07:28:31', 'completed', 'Illum porro cultellus adfectus cavus adamo conicio corroboro curia venia ventus adsidue advoco umquam terminatio vilis.', '2025-05-02 14:46:19'),
(99, 16, 19, '2020-06-09', '12:54:27', 210, '2020-07-27 21:29:57', 'completed', 'Hic crebro beatus quasi ab angelus charisma succurro titulus averto utrimque voluptates vester campana iure succedo inflammatio studio deorsum volo volutabrum denuo ustilo villa vado vel quasi taceo ara deserunt ater cedo nemo tego cunae audacia ambitus t', '2025-05-02 14:46:19'),
(100, 16, 19, '2019-03-18', '13:17:55', 90, '2017-03-17 14:09:58', 'completed', NULL, '2025-05-02 14:46:19'),
(101, 17, 11, '2020-02-24', '14:36:18', 90, '2021-09-24 15:35:06', 'completed', 'Placeat aptus conitor explicabo accendo conqueror tergo sum advoco anser asper culpo bibo defessus validus in deinde conatus umquam causa ducimus ullam curatio vinitor utique totus corpus validus auxilium voluntarius quo pel terror veritatis suus inventor', '2025-05-02 14:46:19'),
(102, 17, 6, '2021-02-06', '15:32:36', 60, '2021-10-22 08:48:10', 'cancelled', 'Tamquam ulterius ago delectus vitiosus assumenda tantum abscido a sapiente umerus asperiores cervus capto condico suppono depraedor velit audentia volva ante.', '2025-05-02 14:46:19'),
(103, 17, 13, '2020-08-25', '10:47:36', 210, '2020-09-13 20:02:48', 'completed', NULL, '2025-05-02 14:46:19'),
(104, 17, 18, '2020-07-11', '16:02:30', 180, '2020-02-19 23:35:25', 'completed', 'Absens testimonium caelestis dolorem aurum corrigo veritas auctus undique solum aeger totam vergo cimentarius volaticus civis termes theca subseco cupio cognatus arx id voluntarius vulnero expedita tempore caute sustineo doloribus adinventitias aegrus col', '2025-05-02 14:46:19'),
(105, 17, 3, '2020-07-30', '11:11:27', 240, '2021-04-16 17:38:08', 'completed', NULL, '2025-05-02 14:46:19'),
(106, 17, 17, '2021-07-05', '14:58:30', 90, '2020-04-17 05:13:14', 'completed', 'Umerus terminatio decipio architecto tendo currus comis curis cena vespillo viridis verto denuo bestia comburo conduco delibero blandior tubineus statim articulus adicio voveo defessus cotidie cometes vulpes contra tripudio.', '2025-05-02 14:46:19'),
(107, 17, 61, '2022-04-09', '16:08:00', 90, '2022-02-24 02:28:59', 'cancelled', 'Sophismata vitae utrimque varietas peccatus admiratio sumo totidem crepusculum maxime combibo pel aurum textilis tergiversatio color tabernus deserunt curtus toties charisma ars sol repudiandae denique copia admoneo suasoria architecto vorago maxime cerno', '2025-05-02 14:46:19'),
(108, 17, 61, '2021-01-27', '13:00:04', 30, '2022-06-10 22:35:35', 'completed', 'Canto collum vilis numquam confido textus arceo urbanus tabula vomito benigne alveus desparatus currus adsuesco summa calamitas strenuus subiungo tamquam cicuta numquam territo vulgo anser damno vulariter tyrannus ars coerceo.', '2025-05-02 14:46:19'),
(109, 18, 67, '2022-05-10', '12:39:25', 30, '2020-05-11 02:12:26', 'completed', NULL, '2025-05-02 14:46:19'),
(110, 18, 6, '2021-03-30', '09:03:35', 60, '2021-05-15 11:28:57', 'completed', 'Deprecator sustineo patruus officia aequitas degusto vetus soluta speculum placeat coniuratio sub vesper tunc theca velit adimpleo trado derideo auxilium decor cedo adimpleo vesica uxor tertius audax bellicus acies denuncio carmen deprimo valeo brevis dec', '2025-05-02 14:46:19'),
(111, 19, 25, '2024-01-16', '09:20:58', 90, '2024-02-20 23:04:15', 'completed', 'Denuo ascit adversus catena delicate dolor cur vinco degero amo titulus aperio quae cumque attero delibero versus et urbs stabilis caterva arbor antea cuius umerus demoror rerum mollitia consuasor contabesco abeo desino debeo ante blanditiis vel utique ag', '2025-05-02 14:46:19'),
(112, 19, 22, '2024-01-14', '12:57:10', 60, '2024-01-30 02:45:40', 'completed', 'Cubicularis sustineo textilis defaeco conforto vulnero hic eius solum aeternus ad creber ut congregatio supellex maiores acervus certe arcesso laboriosam trado crux vociferor quos audax officiis architecto patrocinor tergiversatio tabgo deorsum cinis beat', '2025-05-02 14:46:19'),
(113, 19, 24, '2023-07-11', '13:35:37', 180, '2024-04-27 04:15:04', 'completed', 'Aer corpus tertius aliquid suus aer vespillo cum tamquam demonstro perspiciatis summopere umerus sollicito vigor comparo censura bellicus depulso vereor doloribus non ars.', '2025-05-02 14:46:19'),
(114, 19, 67, '2025-07-13', '11:17:23', 30, '2023-10-22 18:55:24', 'pending', NULL, '2025-05-02 14:46:19'),
(115, 19, 17, '2024-12-17', '11:28:06', 210, '2024-09-26 21:52:04', 'completed', NULL, '2025-05-02 14:46:19'),
(116, 19, 2, '2023-11-23', '12:32:06', 120, '2024-02-16 13:51:39', 'completed', 'Desipio umquam laborum valeo colo quis adipiscor decipio utor substantia veritatis theatrum fugit corrigo depulso collum cultura advoco textor quae voro talis cursim crapula comburo accusator velum quaerat candidus videlicet cometes vespillo decimus combu', '2025-05-02 14:46:19'),
(117, 19, 23, '2023-06-27', '12:30:26', 210, '2023-08-27 21:47:35', 'completed', 'Admitto quam harum varius capitulus vetus basium aggero illo quae explicabo attollo talus alii arbor varius stips collum ars vociferor aptus.', '2025-05-02 14:46:19'),
(118, 19, 16, '2023-03-01', '13:45:14', 120, '2022-01-13 15:08:58', 'completed', 'Degero decumbo socius apto accedo quia territo amoveo sonitus vix utrimque strues summa tabgo repellendus quas caries creator depereo versus xiphias damno spiculum sustineo video theca amoveo campana nemo cauda cohaero comitatus ultra tempore cito utor de', '2025-05-02 14:46:19'),
(119, 20, 20, '2022-02-12', '09:29:47', 90, '2023-01-11 22:39:34', 'completed', 'Tristis sono ex pauci stips tollo vitiosus cenaculum tergiversatio abeo denuo ait civis.', '2025-05-02 14:46:19'),
(120, 20, 23, '2023-10-17', '12:04:31', 120, '2021-07-24 14:22:34', 'completed', 'Atrocitas vociferor comedo tactus considero subseco coadunatio subvenio condico eos depromo molestiae volaticus colligo teres capto sum consuasor cenaculum quaerat iste defetiscor atrox thorax tantum rerum advoco turpis tamen combibo blandior absconditus ', '2025-05-02 14:46:19'),
(121, 20, 62, '2022-02-19', '09:31:44', 30, '2023-09-30 22:49:36', 'completed', NULL, '2025-05-02 14:46:19'),
(122, 20, 7, '2022-10-08', '10:23:05', 240, '2023-04-03 13:17:27', 'cancelled', NULL, '2025-05-02 14:46:19'),
(123, 20, 7, '2022-03-04', '10:33:16', 210, '2022-01-05 20:53:15', 'completed', NULL, '2025-05-02 14:46:19'),
(124, 20, 64, '2021-05-24', '11:08:10', 90, '2021-07-29 10:35:47', 'completed', NULL, '2025-05-02 14:46:19'),
(125, 20, 19, '2021-06-17', '09:43:54', 180, '2023-12-06 06:13:45', 'completed', 'Spiritus vis sono adduco est laboriosam abutor cetera apostolus taceo desino tepesco terreo constans aliqua tonsor adduco neque delibero temeritas facilis ventosus currus vicinus correptius veritas agnitio claro auditor adinventitias decipio quos civitas ', '2025-05-02 14:46:19'),
(126, 20, 64, '2023-11-11', '11:39:19', 240, '2021-04-30 19:31:07', 'completed', 'Corona ocer venia accendo bardus defendo vere tergeo atqui vespillo currus textilis ater thermae vapulus audeo arbor certus.', '2025-05-02 14:46:19'),
(127, 20, 23, '2023-04-01', '09:37:15', 210, '2023-12-11 13:53:55', 'completed', NULL, '2025-05-02 14:46:19'),
(128, 21, 13, '2021-02-09', '13:33:47', 120, '2021-10-18 06:13:10', 'completed', 'Vulnero caelum spes uterque combibo ulterius uberrime velit textus perferendis depono id conor amita avaritia vos sollers aureus ipsum taedium cubitum vita strues qui circumvenio cuppedia versus paens sono cohors curo tres caritas degenero commodo trepide', '2025-05-02 14:46:19'),
(129, 21, 22, '2022-12-30', '10:20:10', 240, '2023-10-28 09:54:34', 'completed', 'Vereor uredo ulterius sequi thema aegre ipsam testimonium aeternus vaco comis cultura viscus conor deripio surgo vespillo deputo curtus tergiversatio velum adsuesco terga virtus at benigne.', '2025-05-02 14:46:19'),
(130, 21, 23, '2022-07-03', '12:38:26', 150, '2023-12-10 18:20:01', 'cancelled', NULL, '2025-05-02 14:46:19'),
(131, 21, 65, '2020-06-08', '15:39:03', 120, '2020-05-16 15:19:42', 'completed', NULL, '2025-05-02 14:46:19'),
(132, 21, 18, '2023-01-13', '16:25:20', 240, '2022-02-03 14:40:08', 'cancelled', 'Somniculosus versus tubineus adaugeo viscus desolo ater solus beatae ustilo vitae pecco solvo allatus cras terga contigo facilis admoveo sit conspergo terror cado carpo video acervus vilicus toties omnis uredo acsi utroque corona apud vos truculenter vest', '2025-05-02 14:46:19'),
(133, 21, 4, '2020-11-20', '16:02:02', 30, '2022-08-23 11:22:35', 'completed', 'Commodo solvo sunt dens crustulum caput ager turpis acidus vester adflicto nesciunt uterque toties defetiscor eligendi colo curriculum debilito sonitus sol valde acerbitas amicitia usque virga stillicidium trepide nemo bos alo abstergo comptus patruus acc', '2025-05-02 14:46:19'),
(134, 22, 65, '2021-12-01', '11:26:36', 240, '2021-10-23 13:55:04', 'cancelled', 'Ago usque soleo neque tabernus blandior delibero confido cresco decipio cubo porro itaque civis eveniet vulnero laboriosam dedecor mollitia timor anser solum tolero arbitro inventore veritatis contabesco.', '2025-05-02 14:46:19'),
(135, 22, 16, '2021-03-05', '16:47:15', 120, '2021-11-05 10:38:44', 'completed', NULL, '2025-05-02 14:46:19'),
(136, 22, 8, '2021-12-26', '12:25:13', 210, '2021-07-27 02:55:01', 'completed', NULL, '2025-05-02 14:46:19'),
(137, 22, 69, '2021-06-05', '14:36:55', 60, '2021-06-15 23:21:43', 'completed', 'Spargo taceo ducimus adfero ducimus ab solium cado vulticulus decerno nemo aegrus tergum accendo sint reprehenderit abundans vestigium strenuus talus claudeo volo aureus theologus tempore atrocitas aranea pax aliquam eum suspendo vito angelus deinde digni', '2025-05-02 14:46:19'),
(138, 22, 69, '2021-06-25', '12:07:09', 120, '2021-07-11 22:32:58', 'completed', 'Abstergo abscido illo demens tabella atrox audax cresco perferendis earum adiuvo urbs victus tres pel vereor sub commodi conscendo desolo cado audio solus bibo aduro terra aeternus ara tripudio venio talus cunctatio sublime tibi copia certe celebrer deneg', '2025-05-02 14:46:19'),
(139, 22, 24, '2021-09-17', '12:18:24', 120, '2021-10-09 15:19:52', 'completed', 'Fugiat turpis dolor curis victoria quis supellex illo dedecor patria vomito cinis articulus perspiciatis tergo nesciunt contabesco doloremque centum varietas libero teneo.', '2025-05-02 14:46:19'),
(140, 22, 16, '2021-12-26', '14:43:04', 150, '2021-05-19 21:37:02', 'completed', 'Spoliatio theatrum spes adflicto antea caterva volo subseco absque verto quam cui venia ademptio terminatio congregatio dolores civis triduana claustrum tripudio considero atqui abundans molestiae optio aufero umquam conspergo vitiosus sum totam deleniti ', '2025-05-02 14:46:19'),
(141, 22, 9, '2021-03-06', '14:47:21', 180, '2021-11-05 15:41:52', 'completed', NULL, '2025-05-02 14:46:19'),
(142, 23, 23, '2023-01-12', '16:53:02', 240, '2023-06-12 03:19:32', 'completed', 'Thymum carus tum beneficium aegre aut tergum pecus contra copiose rem voro cibus deserunt doloremque placeat temporibus ubi cupiditate maiores sufficio solutio dolores pauci terra.', '2025-05-02 14:46:19'),
(143, 23, 11, '2023-06-17', '11:24:12', 240, '2023-05-31 06:34:39', 'completed', NULL, '2025-05-02 14:46:19'),
(144, 23, 7, '2023-12-04', '12:55:24', 180, '2023-02-03 01:21:38', 'completed', 'Deludo asper pariatur absorbeo vesper vester suus vindico volva sopor.', '2025-05-02 14:46:19'),
(145, 23, 18, '2023-09-04', '11:38:03', 90, '2023-01-17 09:57:52', 'completed', NULL, '2025-05-02 14:46:19'),
(146, 24, 24, '2019-09-06', '11:04:00', 180, '2020-11-06 17:45:26', 'completed', 'Cubicularis conatus officia perspiciatis spes somnus coerceo et baiulus adipiscor verecundia abbas tandem sapiente adipisci vesco stips annus arbustum tutamen alveus.', '2025-05-02 14:46:19'),
(147, 24, 9, '2019-03-28', '15:13:04', 30, '2018-12-11 18:11:53', 'completed', 'A decerno vivo denuncio sollicito delicate copiose cunctatio dolores cuius stips argentum desparatus caelum aeternus advenio sint cuius accedo vespillo consequatur virtus vae conduco denuncio clamo.', '2025-05-02 14:46:19'),
(148, 24, 24, '2020-03-08', '16:39:37', 150, '2017-04-25 14:55:29', 'completed', 'Derelinquo baiulus suppono terra enim pecus cubitum clarus cubitum circumvenio absum ago curiositas temporibus desparatus coepi valeo derideo statua quasi consectetur speciosus vulgaris impedit tutamen tergum solus deprimo copiose utrum suadeo quia sub cl', '2025-05-02 14:46:19'),
(149, 25, 24, '2023-03-25', '12:18:36', 150, '2021-10-17 17:45:31', 'completed', NULL, '2025-05-02 14:46:19'),
(150, 25, 8, '2023-03-09', '12:16:18', 210, '2022-06-11 00:26:47', 'completed', NULL, '2025-05-02 14:46:19'),
(151, 25, 6, '2022-03-08', '12:48:28', 120, '2022-03-31 14:08:09', 'completed', 'Curia amissio tantum tergeo triduana xiphias demonstro studio summa demulceo benevolentia cerno officiis alioqui coerceo theca demulceo turba esse territo subvenio maxime contego carus dolore eaque exercitationem ubi officia vesica alioqui texo venia arma', '2025-05-02 14:46:19'),
(152, 25, 6, '2021-07-26', '10:19:50', 30, '2022-10-06 05:56:58', 'completed', 'Cunctatio vigilo quo optio quia utilis testimonium molestias verumtamen conatus decumbo compono defluo deleniti adamo adhuc comparo bestia vitae sono denuo earum acquiro cultura temporibus consequuntur apto callide abundans temeritas depono absens claudeo', '2025-05-02 14:46:19'),
(153, 26, 24, '2021-05-16', '16:14:37', 120, '2021-11-18 11:25:13', 'completed', 'Consequatur saepe artificiose approbo aer caput uberrime defendo terreo reiciendis copiose cena inflammatio vulgivagus patior ubi ab vester at terebro angelus cui in verus benevolentia suadeo annus censura velum culpa voveo aptus stipes umquam speciosus d', '2025-05-02 14:46:19'),
(154, 26, 70, '2021-06-17', '15:17:01', 90, '2021-04-14 04:56:11', 'completed', NULL, '2025-05-02 14:46:19'),
(155, 26, 64, '2021-12-28', '10:44:50', 150, '2021-12-19 12:49:42', 'completed', 'Corrupti capitulus abduco via accendo abduco sono cunabula cogito audacia sortitus verbera quam stipes coaegresco triumphus vindico exercitationem ascit corrupti vobis depono sollicito spiritus uter animi quibusdam cariosus neque curtus combibo terreo con', '2025-05-02 14:46:19'),
(156, 27, 20, '2022-01-26', '14:18:03', 150, '2021-10-03 06:16:56', 'cancelled', 'Adduco sponte adhaero comprehendo umbra comptus confido suggero pectus caveo antea fugit cubitum distinctio aurum comis taedium aeneus arto adeo contra denuncio auxilium tardus studio sophismata volutabrum attero depromo aliquid crinis libero earum calco ', '2025-05-02 14:46:19'),
(157, 27, 14, '2022-03-16', '16:59:47', 120, '2022-02-04 22:05:47', 'cancelled', 'Cohors dicta aequus abeo vespillo cibus est patior spero comedo claudeo vigilo admoneo optio comminor tantum via quas demum vir sursum ultra ascisco valens textilis absorbeo amplexus stillicidium accusamus utroque earum depereo vir tenax laudantium specta', '2025-05-02 14:46:19'),
(158, 27, 61, '2021-05-16', '11:47:34', 180, '2021-10-07 02:20:54', 'completed', 'Auditor vilis laudantium vestrum spes degero tollo temporibus adulatio talis arcus.', '2025-05-02 14:46:19'),
(159, 27, 5, '2022-10-27', '10:13:22', 150, '2021-09-28 17:05:31', 'completed', 'Thymum cursim uberrime vapulus bestia eligendi contra viscus conforto eos vehemens verto conduco theca denuo spero iste teres demum adduco aptus esse infit caute terga dapifer vulgivagus undique ustilo sapiente tyrannus temporibus.', '2025-05-02 14:46:19'),
(160, 28, 10, '2022-05-29', '10:49:54', 90, '2022-04-02 04:11:56', 'completed', NULL, '2025-05-02 14:46:19'),
(161, 28, 61, '2022-08-30', '10:17:53', 60, '2022-08-11 22:29:31', 'completed', 'Uberrime patria ait aspicio facere combibo demoror illum taedium contigo aequitas tamdiu tergo.', '2025-05-02 14:46:19'),
(162, 28, 70, '2022-02-05', '09:01:59', 30, '2022-10-21 07:03:57', 'completed', 'Degenero solio vobis armarium tubineus quae eveniet nam vomito viriliter molestiae corrumpo aestivus suffoco substantia vomer cuppedia quasi.', '2025-05-02 14:46:19'),
(163, 28, 1, '2022-04-02', '12:17:03', 180, '2022-08-27 02:22:18', 'completed', 'Laborum odit dolorem vito tenus coadunatio patruus uredo officia nulla exercitationem tondeo unus audio teres torrens doloremque clam neque animus valeo suffragium acceptus condico.', '2025-05-02 14:46:19'),
(164, 28, 10, '2022-11-21', '12:32:22', 150, '2022-08-29 07:32:18', 'completed', NULL, '2025-05-02 14:46:19'),
(165, 29, 67, '2020-06-28', '13:06:57', 150, '2020-06-05 20:57:32', 'completed', 'Supplanto cohibeo suadeo consequatur civitas vito autem terror approbo amplitudo doloremque saepe vitae nam tremo arbitro anser minima spectaculum aperio ustilo anser perferendis accusator benevolentia valeo quisquam enim in degenero provident tutis stati', '2025-05-02 14:46:19'),
(166, 29, 65, '2020-07-08', '16:07:19', 60, '2020-02-21 14:37:46', 'completed', NULL, '2025-05-02 14:46:19'),
(167, 30, 11, '2022-01-08', '11:34:21', 90, '2022-01-02 06:17:02', 'completed', 'Defessus umerus socius acquiro bibo culpo nisi altus porro facere vereor adeptio condico caritas adeo.', '2025-05-02 14:46:19'),
(168, 30, 5, '2024-02-20', '12:46:03', 90, '2022-08-18 05:14:57', 'cancelled', 'Attollo videlicet talus deprimo capto censura vomica vae viriliter crinis campana suppellex condico defungo synagoga caelestis terreo demum corporis spectaculum torqueo recusandae soleo tam nesciunt infit contabesco altus neque adipisci decens crux labori', '2025-05-02 14:46:19'),
(169, 30, 65, '2023-10-18', '11:42:05', 30, '2024-12-17 06:45:34', 'completed', 'Ancilla truculenter stella constans cohibeo accedo cognomen ventus magni neque vulariter vulgus aperte triduana aperte terebro vestrum umquam adamo at cicuta celer denego cognatus absorbeo contabesco appositus totidem anser tracto eveniet civis vehemens t', '2025-05-02 14:46:19'),
(170, 31, 62, '2020-12-26', '09:42:55', 210, '2020-04-12 13:21:58', 'completed', NULL, '2025-05-02 14:46:19'),
(171, 32, 6, '2020-08-02', '10:55:11', 60, '2020-11-19 16:08:51', 'completed', 'Verto fugit non tametsi vaco carpo carus ago utique temporibus creator solium commodo rerum acceptus enim tum inflammatio.', '2025-05-02 14:46:19'),
(172, 32, 10, '2017-05-07', '11:04:08', 180, '2018-06-26 06:47:55', 'completed', NULL, '2025-05-02 14:46:19'),
(173, 32, 24, '2019-11-23', '09:35:21', 210, '2020-05-04 15:27:34', 'completed', NULL, '2025-05-02 14:46:19'),
(174, 32, 9, '2020-03-24', '13:10:58', 90, '2020-01-09 02:06:47', 'cancelled', NULL, '2025-05-02 14:46:19'),
(175, 32, 17, '2018-05-15', '09:48:09', 150, '2020-06-23 13:04:39', 'completed', 'Corrumpo summopere laborum tactus excepturi minima tepesco bellum sustineo sed crudelis assentator brevis cupiditas aduro testimonium cerno vinco currus aut articulus thesis voluptatum vesco architecto molestiae attero conqueror ullus denuncio viduo harum', '2025-05-02 14:46:19'),
(176, 32, 61, '2019-10-19', '11:43:18', 180, '2020-01-27 18:15:25', 'completed', 'Debeo mollitia amitto sortitus dedico et cubo conitor titulus decretum volup corona angustus degero tubineus taedium ater pax credo color clamo vapulus crapula deleo uredo.', '2025-05-02 14:46:19'),
(177, 32, 12, '2018-11-26', '16:41:40', 150, '2019-01-16 16:34:03', 'completed', 'Speciosus umbra vero absque peior tam terreo curatio abeo stipes varietas absorbeo summopere approbo colligo facere vicissitudo adhuc thesis vero aut cetera asper articulus creber valde deripio viscus reiciendis thymbra architecto laudantium tabula patruu', '2025-05-02 14:46:19'),
(178, 32, 21, '2020-03-24', '11:45:14', 150, '2018-06-01 23:02:06', 'cancelled', 'Vorago canis curto cohaero vel animadverto vacuus apud suppellex texo volaticus arbor quam canto virtus vorax supellex celo pariatur adfectus dicta cauda iste consuasor dignissimos modi amplus possimus vulticulus cohibeo degenero virgo adsidue vicinus amb', '2025-05-02 14:46:19'),
(179, 33, 9, '2020-09-02', '12:29:50', 90, '2020-12-01 09:37:22', 'completed', 'Speciosus desolo arto subvenio defaeco anser auxilium cui curo corroboro spiritus candidus depromo trado conforto pauci temeritas demoror alias uxor sunt valeo amplus aggero ulciscor tametsi defungo mollitia repudiandae denuo quidem arbitro una aequitas t', '2025-05-02 14:46:19'),
(180, 33, 4, '2020-09-13', '09:04:55', 120, '2020-08-30 03:31:19', 'completed', 'Sperno templum derelinquo aeternus mollitia cado thymum auditor suasoria truculenter amita vitae amitto vitae eos spiritus thesaurus neque delibero terebro vilitas speciosus minima admiratio est stips decor utique brevis bonus ut.', '2025-05-02 14:46:19'),
(181, 34, 20, '2021-07-12', '14:37:18', 60, '2021-06-04 20:08:58', 'completed', 'Supplanto curtus condico tergeo utique conqueror ascit doloremque facilis tumultus civitas cognatus supellex apto sol iure desolo truculenter stabilis accedo amet eius vos sto dolor carmen defaeco adhuc sub vesica veritatis thema deporto hic ducimus decen', '2025-05-02 14:46:19'),
(182, 34, 12, '2021-07-28', '11:51:22', 240, '2021-12-05 15:06:07', 'completed', 'Fugiat vinco subiungo vae subseco verecundia canis cunabula autem color veniam pauci censura averto tabgo ea sopor adnuo sufficio aestus tendo.', '2025-05-02 14:46:19'),
(183, 34, 63, '2021-04-09', '16:37:37', 60, '2021-09-20 07:00:56', 'completed', NULL, '2025-05-02 14:46:19'),
(184, 34, 13, '2021-12-04', '16:19:05', 210, '2021-09-12 16:03:28', 'cancelled', NULL, '2025-05-02 14:46:19'),
(185, 34, 9, '2021-08-22', '10:42:29', 90, '2021-10-28 12:40:16', 'cancelled', 'Candidus charisma contego acervus talus adsum clibanus depereo velut adduco adficio cavus arguo amor utpote vitium sortitus vorago utrimque veniam cognatus cribro combibo corrumpo uredo delicate color commodo sperno acer aeger nobis subiungo consectetur.', '2025-05-02 14:46:19'),
(186, 34, 2, '2021-10-26', '09:20:25', 180, '2021-05-30 00:39:45', 'completed', 'Crepusculum tenetur amiculum vero tremo deficio aegrus aequus amplexus curtus ulterius decerno antiquus quam quo at aliquam sulum caveo careo certus pectus arca tabernus civitas adnuo quas attero utilis verus occaecati denuo coniecto dolores statim curia ', '2025-05-02 14:46:19'),
(187, 34, 67, '2021-12-25', '10:51:44', 210, '2021-01-20 00:59:44', 'completed', NULL, '2025-05-02 14:46:19');
INSERT INTO `appointment` (`appointment_id`, `patient_id`, `employee_id`, `schedule_date`, `start_time`, `duration`, `next_schedule`, `appointment_status`, `description`, `created_at`) VALUES
(188, 34, 68, '2021-09-10', '14:09:36', 210, '2021-11-03 12:45:56', 'completed', 'Templum compello admoveo suffragium allatus xiphias ascit videlicet solitudo cras timor surculus pectus advenio avaritia vis ambitus celebrer facilis caelestis solutio vitiosus venustas demergo cur nihil tamdiu delectus casso varius crapula versus vulgo d', '2025-05-02 14:46:19'),
(189, 34, 23, '2021-05-29', '10:07:54', 30, '2021-09-07 04:45:36', 'completed', 'Auditor armarium substantia aurum aetas despecto tantillus cado volo culpo strenuus cognatus vere usque bibo tollo territo talio caterva expedita laborum vix copiose acies demitto denique utilis pel vado admoveo earum velociter totus caste crur crepusculu', '2025-05-02 14:46:19'),
(190, 34, 19, '2021-05-27', '16:04:50', 180, '2021-09-01 20:26:48', 'completed', NULL, '2025-05-02 14:46:19'),
(191, 35, 66, '2025-12-05', '16:15:57', 180, '2025-05-13 13:33:46', 'pending', 'Voluptate conturbo constans blandior aro confido exercitationem cena sopor cinis coma amplitudo thalassinus degusto explicabo odio demum vero delego urbs abbas cinis decipio acquiro despecto autem supellex desidero vacuus colo conservo abstergo vilicus am', '2025-05-02 14:46:19'),
(192, 35, 14, '2025-07-07', '14:06:02', 150, '2025-01-17 18:26:42', 'pending', 'Volaticus suggero nostrum voluptates nostrum expedita altus crur repellendus termes virgo curo comburo sustineo necessitatibus creo eveniet decens ara socius deinde denuncio basium quas tepidus sumptus adicio dapifer animus sordeo suppono debeo capto clar', '2025-05-02 14:46:19'),
(193, 35, 1, '2025-09-08', '09:47:46', 180, '2025-08-05 20:46:56', 'pending', 'Suggero arcesso earum cognatus currus ipsam ea natus triumphus supellex cito volutabrum velut subiungo validus quibusdam vere.', '2025-05-02 14:46:19'),
(194, 35, 69, '2025-01-24', '15:13:56', 150, '2025-06-01 18:38:57', 'completed', NULL, '2025-05-02 14:46:19'),
(195, 35, 17, '2025-05-12', '09:56:39', 30, '2025-11-29 00:27:21', 'pending', 'Canto ventosus triumphus acies animus repudiandae utor avarus coruscus sit tametsi verecundia comitatus amicitia creta decumbo pauper cupressus coniecto titulus terror deprimo sit virgo cogo aestus tendo quae constans hic adfectus adeo claudeo ulciscor cu', '2025-05-02 14:46:19'),
(196, 36, 22, '2023-12-22', '15:24:19', 210, '2023-08-29 23:50:02', 'cancelled', 'Aperio benevolentia textor perferendis cubo aliqua carbo vulnus theca consequatur attonbitus sumptus quia strues vitae spargo facilis accedo vesper aiunt deprimo denego timidus ipsa despecto depromo deporto victus comprehendo succedo pariatur una conturbo', '2025-05-02 14:46:19'),
(197, 36, 23, '2023-03-27', '10:27:58', 180, '2023-08-02 23:02:09', 'cancelled', 'Abutor tristis molestias amet deprimo stella sequi apostolus celebrer aro ventus dedico suspendo adnuo acidus amplitudo absque vulgivagus solutio defero tredecim tenax blanditiis adulescens claro adimpleo thymbra summa apostolus dignissimos sapiente calam', '2025-05-02 14:46:19'),
(198, 36, 64, '2023-05-20', '12:12:48', 210, '2023-10-26 10:19:59', 'completed', 'Conqueror celer tabesco textilis sint cilicium vomer aeneus vobis quia corona tibi derideo coniecto nemo ipsam volutabrum caritas consuasor vero cursus quas timor quidem ademptio creator cui contigo circumvenio vesper bellicus auctus depraedor soleo compl', '2025-05-02 14:46:19'),
(199, 36, 70, '2023-09-18', '15:17:24', 90, '2023-12-27 03:19:05', 'completed', 'Comminor tondeo angustus desolo viridis termes cenaculum verecundia adhaero nobis comis caterva aperiam studio tredecim bibo stella arcesso volubilis vulpes tamquam votum audio stabilis tametsi.', '2025-05-02 14:46:19'),
(200, 36, 2, '2023-11-29', '14:47:10', 240, '2023-07-05 17:28:13', 'cancelled', 'Coerceo cura quaerat absens copia ut tolero explicabo custodia curriculum ullam ratione arguo amor cum cariosus atrox molestias ceno optio vindico tenetur conculco baiulus vapulus corrigo theatrum ademptio summisse theatrum voluptatem considero titulus.', '2025-05-02 14:46:19'),
(201, 36, 69, '2023-08-12', '13:06:37', 240, '2023-01-21 09:24:41', 'completed', NULL, '2025-05-02 14:46:19'),
(202, 36, 69, '2023-04-18', '16:42:36', 90, '2023-01-10 09:21:37', 'completed', 'Est cavus avaritia demonstro pecto harum spero pecus ara sunt ratione vigilo ut demonstro dolorem porro summa curtus enim amplexus deprimo delicate coma amicitia cultura arca admoneo sapiente pecto corrumpo talus vigilo cur rem volutabrum averto sum error', '2025-05-02 14:46:19'),
(203, 36, 4, '2023-01-20', '13:38:46', 30, '2023-01-22 18:42:21', 'completed', 'Coaegresco tum iste bibo appositus molestiae angustus aggredior suscipio spoliatio tripudio circumvenio succedo nulla bos creptio defungo patrocinor compello adulatio vester hic.', '2025-05-02 14:46:19'),
(204, 36, 24, '2023-09-28', '15:13:36', 60, '2023-05-18 04:50:40', 'completed', NULL, '2025-05-02 14:46:19'),
(205, 36, 67, '2023-05-30', '13:43:13', 240, '2023-08-05 13:54:15', 'completed', 'Vesper aequus tepesco vix angelus asporto atqui varius allatus tersus credo nihil appono asporto calculus bonus adinventitias capto aveho admiratio ex corrupti decretum ocer cursus nam bibo beneficium voluptate turba alioqui cimentarius vociferor adopto d', '2025-05-02 14:46:19'),
(206, 37, 22, '2019-07-06', '12:15:04', 180, '2019-10-29 18:40:44', 'completed', 'Architecto amet culpo ascit summopere cunae voluptatibus stella consectetur vere uberrime vereor vigilo cursim creo theatrum coerceo aut explicabo venio utilis ocer turbo caries iste appono antea accedo vespillo ambitus ventosus valde creator conitor uter', '2025-05-02 14:46:19'),
(207, 37, 70, '2020-11-21', '16:12:20', 120, '2018-09-02 04:03:37', 'completed', NULL, '2025-05-02 14:46:19'),
(208, 37, 8, '2020-08-06', '12:04:58', 90, '2018-02-26 04:57:41', 'completed', 'Tempore rem appello abscido unus cur utrimque tot angustus accendo sapiente video beatus spargo vesper sunt suggero dolores vergo subito summisse suffragium umquam clarus pariatur.', '2025-05-02 14:46:19'),
(209, 37, 9, '2018-01-21', '09:53:48', 30, '2018-05-25 16:58:24', 'completed', 'Tepidus studio aedificium desipio animi adhuc derideo arguo nam laborum eius iure tenetur coniuratio advenio atrocitas caelestis comis vehemens appositus angustus trucido ducimus derelinquo decretum cavus occaecati amiculum vigor defetiscor succurro voro.', '2025-05-02 14:46:19'),
(210, 37, 5, '2019-03-02', '12:47:40', 60, '2020-07-12 05:11:47', 'completed', NULL, '2025-05-02 14:46:19'),
(211, 37, 17, '2018-07-10', '10:48:09', 240, '2019-05-01 00:15:25', 'completed', 'Consequatur allatus cribro acervus aliquid consuasor animus aequus uterque vero aeger tempus cerno accedo voluptates exercitationem undique tollo aspicio sub tam expedita terminatio cognatus ipsa tabula thymbra pecto solio vicinus alienus porro rem coerce', '2025-05-02 14:46:19'),
(212, 37, 13, '2020-11-04', '16:04:17', 150, '2019-07-16 14:12:40', 'completed', NULL, '2025-05-02 14:46:19'),
(213, 37, 70, '2020-02-04', '14:32:22', 240, '2020-12-15 04:18:53', 'completed', 'Tonsor debitis comminor caelum ipsam charisma nemo cornu paens taceo ultra iste adopto cenaculum eligendi vulpes condico custodia cuppedia crux cerno sopor beatus molestias denego defaeco nihil caute antea sulum canto unus tabesco bellum suscipit sapiente', '2025-05-02 14:46:19'),
(214, 37, 64, '2019-03-31', '10:57:13', 30, '2019-05-26 11:28:09', 'completed', 'Labore aliquid approbo varius cribro cimentarius censura volutabrum aptus commodo catena enim dolorem damnatio patruus coepi fuga contigo torqueo timor celer cursim talis clam corpus antepono natus trans iure sub tabesco aggredior depulso stipes barba eli', '2025-05-02 14:46:19'),
(215, 38, 67, '2020-07-18', '16:47:38', 90, '2020-07-17 13:12:37', 'completed', NULL, '2025-05-02 14:46:19'),
(216, 38, 63, '2020-06-25', '11:54:11', 120, '2020-05-20 02:05:48', 'completed', 'Vivo statua verto delicate theca tot curto assentator apparatus suasoria adopto amet copia appositus admoveo terror torrens vapulus arto voluntarius abduco summisse veritas thymbra mollitia cupiditate commodo apostolus tabernus cunctatio stillicidium trah', '2025-05-02 14:46:19'),
(217, 38, 69, '2020-08-22', '14:39:29', 150, '2020-06-24 04:31:33', 'completed', NULL, '2025-05-02 14:46:19'),
(218, 39, 14, '2025-10-26', '09:43:31', 90, '2025-11-01 15:44:21', 'pending', 'Terra quos cogito vilicus texo absconditus stips beatae pecus balbus asper voluptatibus creber inflammatio ager terreo super acervus atque fuga decerno utroque culpa claustrum sumo atrox odit talio praesentium aer spes substantia timidus tollo fugit armar', '2025-05-02 14:46:19'),
(219, 39, 14, '2025-04-11', '13:13:11', 90, '2025-10-31 01:41:13', 'completed', 'Subiungo cervus animus speciosus dapifer facilis vulticulus trans ventito ustilo occaecati alius ipsum ver iusto venio ascisco arca arcus perspiciatis arbor defungo nemo caelum adopto summa verus compello amplus laudantium versus cogito bene clam acquiro ', '2025-05-02 14:46:19'),
(220, 39, 14, '2025-03-29', '09:55:54', 120, '2025-10-29 08:35:48', 'completed', 'Triduana sequi omnis sollers adversus alveus cilicium arguo cumque adsidue absconditus aegrotatio curo suus deprimo solium ter calco quaerat.', '2025-05-02 14:46:19'),
(221, 39, 18, '2025-12-22', '10:26:20', 30, '2025-12-20 20:12:32', 'pending', 'Cerno praesentium arbustum confugo defluo adimpleo cognatus blandior certe admitto varius claustrum thymum collum vapulus textilis cattus tamquam ipsam umquam vulgivagus inflammatio altus virgo animadverto vaco una curso tristis ducimus optio umquam aestu', '2025-05-02 14:46:19'),
(222, 39, 62, '2025-03-13', '14:32:48', 60, '2025-11-24 02:50:17', 'completed', 'Talis tertius caelum tametsi ex ait supplanto dens pecus suscipit omnis amplitudo fugiat aranea.', '2025-05-02 14:46:19'),
(223, 39, 18, '2025-05-30', '16:06:05', 90, '2025-09-22 11:01:48', 'pending', NULL, '2025-05-02 14:46:19'),
(224, 39, 8, '2025-08-03', '15:40:33', 180, '2025-10-17 22:19:41', 'pending', 'Contigo modi adhaero ver apparatus acervus tactus usitas sopor subnecto audacia totus appositus sublime totus villa decipio suspendo tempus aetas vesica angulus unde usus aggredior suffragium cunabula fugit astrum vomito temptatio strues beatae stella ver', '2025-05-02 14:46:19'),
(225, 39, 69, '2025-04-09', '16:34:37', 150, '2025-03-26 08:09:00', 'completed', NULL, '2025-05-02 14:46:19'),
(226, 39, 5, '2025-08-30', '11:34:23', 180, '2025-06-11 21:56:26', 'pending', NULL, '2025-05-02 14:46:19'),
(227, 39, 15, '2025-11-08', '12:03:16', 120, '2025-01-22 04:08:13', 'pending', 'Arto quod crudelis canonicus thalassinus vapulus crepusculum tum contabesco vinculum communis vomica deporto cena clarus quaerat taedium virgo stabilis artificiose suasoria trado cohaero nesciunt pauci sperno sapiente trucido uxor tactus blanditiis adfect', '2025-05-02 14:46:19'),
(228, 40, 69, '2025-07-14', '15:44:15', 210, '2025-12-20 17:00:53', 'pending', NULL, '2025-05-02 14:46:19'),
(229, 40, 64, '2025-05-10', '10:02:36', 120, '2025-01-15 05:27:11', 'pending', NULL, '2025-05-02 14:46:19'),
(230, 40, 19, '2025-05-20', '11:05:43', 180, '2025-05-18 14:28:48', 'pending', 'Vulticulus deprecator solus quasi defluo tui aliquam laboriosam fugiat eveniet vigor usitas timidus ex umbra spiritus sollicito verecundia theatrum sol quibusdam verbum audacia aggero commodi adeptio ceno dolores cras adfectus celebrer laboriosam approbo ', '2025-05-02 14:46:19'),
(231, 40, 25, '2025-02-24', '13:53:02', 30, '2025-03-13 00:51:11', 'cancelled', 'Congregatio adimpleo spiculum spiritus voro uter advoco cruentus corrigo adimpleo accedo summisse vulgivagus vilitas tutis curtus verbera aequitas suus celer supplanto dicta assentator deporto suppellex velit angulus adfero ars alius repudiandae tui archi', '2025-05-02 14:46:19'),
(232, 40, 66, '2025-09-09', '14:37:26', 120, '2025-04-03 09:34:08', 'pending', NULL, '2025-05-02 14:46:19'),
(233, 41, 11, '2024-06-17', '15:58:02', 210, '2024-07-30 03:50:22', 'completed', 'Tenetur defero asperiores usque tener consuasor quod vorago tristis cado cribro coniecto arma sordeo aperio taedium recusandae veritatis adicio cinis torqueo decet accusator tendo sufficio est reprehenderit nobis deripio degusto temptatio confero tum esse', '2025-05-02 14:46:19'),
(234, 41, 15, '2024-09-19', '12:48:42', 90, '2024-12-17 22:47:01', 'completed', 'Cenaculum suadeo degero officia aperte illum victus turba terreo vespillo sunt dolorum decimus.', '2025-05-02 14:46:19'),
(235, 41, 14, '2024-11-10', '10:56:46', 240, '2024-06-27 02:12:02', 'completed', NULL, '2025-05-02 14:46:19'),
(236, 41, 12, '2024-04-23', '13:46:17', 120, '2024-08-16 12:42:51', 'completed', NULL, '2025-05-02 14:46:19'),
(237, 41, 5, '2024-09-04', '10:14:37', 60, '2024-03-27 18:37:15', 'cancelled', NULL, '2025-05-02 14:46:19'),
(238, 41, 8, '2024-05-06', '15:04:00', 60, '2024-02-13 22:17:57', 'completed', 'Excepturi sit suggero adsidue terga solus verbum curso curiositas suppellex conservo vespillo repellat custodia conturbo teres ullus debeo stipes dicta amiculum subito utrimque patruus vester tenus torqueo vulnus coepi vilicus vespillo coaegresco umerus d', '2025-05-02 14:46:19'),
(239, 41, 19, '2024-03-27', '10:38:51', 210, '2024-03-10 06:03:08', 'completed', 'Utor arceo magnam contabesco cubitum canis absconditus delinquo aut maxime.', '2025-05-02 14:46:19'),
(240, 41, 23, '2024-01-05', '10:33:03', 90, '2024-12-11 04:54:02', 'completed', 'Ventito coniecto callide astrum toties bellicus vigor cui tantillus umerus acquiro tabula theatrum cotidie qui cimentarius quasi cauda defaeco ter audentia aufero tenetur aegre damno adduco odit tibi tactus ceno conduco stultus agnosco tot sol patria maio', '2025-05-02 14:46:19'),
(241, 41, 61, '2024-09-14', '12:56:43', 120, '2024-06-19 14:11:49', 'completed', NULL, '2025-05-02 14:46:19'),
(242, 42, 68, '2024-12-04', '09:31:03', 240, '2022-10-29 08:10:52', 'completed', 'Subnecto adsidue tergum vir ventus substantia vicinus torqueo considero culpa molestiae delicate atavus custodia absconditus caritas acceptus adeptio cenaculum concido deputo strenuus cresco urbs.', '2025-05-02 14:46:19'),
(243, 42, 14, '2023-12-27', '15:03:02', 210, '2023-03-13 06:04:29', 'completed', 'Curia nemo abundans acer concedo calculus cuppedia dens toties auctus careo alienus vetus strues defleo calco arca caelum xiphias tunc facere aut usus tenuis peccatus viriliter cupio sunt depono sono adinventitias reiciendis sulum cito vaco aequus adsidue', '2025-05-02 14:46:19'),
(244, 42, 11, '2024-03-18', '13:32:19', 150, '2023-01-09 02:38:12', 'completed', 'Abstergo atrox ars tollo agnitio tergiversatio cauda bene candidus totus cursus auctor textus vester teres utroque odio urbs acidus convoco aperte coniecto tergo terror audio cervus communis adulatio abscido texo conventus desipio nostrum appositus tantil', '2025-05-02 14:46:19'),
(245, 42, 63, '2024-06-01', '14:02:05', 240, '2023-10-10 17:23:05', 'completed', NULL, '2025-05-02 14:46:19'),
(246, 42, 15, '2021-03-23', '14:04:15', 180, '2022-07-16 02:32:10', 'completed', 'Doloremque id amor careo talio vero iure aeneus tantum timor baiulus auctor conforto audentia cenaculum adsidue crepusculum coepi textus bellum crepusculum acceptus comparo pectus crastinus cursim damno appositus cubo clam beatae curvo tot consequatur cog', '2025-05-02 14:46:19'),
(247, 42, 6, '2021-02-19', '10:42:04', 150, '2022-08-31 01:56:31', 'completed', 'Optio suadeo aestas fuga molestias campana capio uredo utilis decumbo delibero quisquam ad.', '2025-05-02 14:46:19'),
(248, 42, 62, '2024-04-21', '12:31:48', 90, '2024-10-14 16:22:21', 'completed', 'Quo curiositas attollo cilicium ventosus torrens paens aranea templum aliquid aliquid articulus uterque tersus deleo ocer commemoro vilicus cruentus antiquus tonsor delicate fugiat conscendo ago volup altus super testimonium denego xiphias sol corrigo adm', '2025-05-02 14:46:19'),
(249, 42, 11, '2021-04-18', '14:18:30', 120, '2022-06-26 20:45:09', 'completed', NULL, '2025-05-02 14:46:19'),
(250, 43, 65, '2023-03-20', '10:21:37', 90, '2023-10-22 23:11:50', 'completed', NULL, '2025-05-02 14:46:19'),
(251, 43, 24, '2023-02-01', '10:41:19', 240, '2023-04-04 20:27:27', 'completed', 'Aperio terra tergum capto curis suscipit sumo tabgo tremo supellex ciminatio quae aperte cedo quisquam spiritus aliquam statim terror thymbra vespillo denique atqui cuius cohibeo coepi uterque anser sordeo temperantia catena velum ver temporibus curatio a', '2025-05-02 14:46:19'),
(252, 43, 19, '2023-01-29', '10:52:18', 30, '2023-07-27 08:34:35', 'completed', NULL, '2025-05-02 14:46:19'),
(253, 43, 14, '2023-10-24', '14:17:10', 210, '2023-07-08 20:11:46', 'completed', 'Adhaero suasoria inventore catena utpote adaugeo ultio degusto voveo verbera ager accusantium sub optio amet quam spiritus antepono necessitatibus dedecor at aranea cupiditate amplexus cohors balbus id conservo admoneo alo summisse iusto cubo sit adsidue ', '2025-05-02 14:46:19'),
(254, 44, 17, '2020-02-14', '10:46:43', 240, '2021-12-29 01:23:38', 'completed', NULL, '2025-05-02 14:46:19'),
(255, 44, 1, '2022-10-26', '12:09:53', 60, '2019-03-20 15:44:03', 'completed', 'Curo una cinis vehemens quae venia admiratio ustulo ubi civis aduro caute ubi tutamen ater arbustum pariatur contra atavus deleniti.', '2025-05-02 14:46:19'),
(256, 44, 63, '2020-12-22', '16:16:11', 90, '2020-10-11 20:44:50', 'completed', 'Suffoco totam sodalitas terreo sursum centum desidero nesciunt debitis aetas temporibus coaegresco claustrum molestiae vehemens admoneo teneo conforto arceo facilis volutabrum vir cum surculus vitium deleo summa deficio dicta totidem templum curtus culpo ', '2025-05-02 14:46:19'),
(257, 45, 68, '2021-12-30', '10:02:36', 120, '2021-08-02 05:53:54', 'completed', 'Suadeo coaegresco aestus pauci conicio carus uterque tempore voluntarius casso vulpes comitatus sunt inventore uredo et eveniet minus combibo votum cruentus consequatur eius adaugeo canonicus enim accusator pecto vaco vereor.', '2025-05-02 14:46:19'),
(258, 45, 63, '2021-09-03', '09:58:29', 60, '2021-10-12 23:32:27', 'completed', NULL, '2025-05-02 14:46:19'),
(259, 45, 12, '2021-04-02', '10:57:00', 180, '2021-08-11 14:54:47', 'completed', 'Vado vilicus vix pax usque vomito auctor urbanus thorax tristis combibo vorago repellat corporis accusamus teneo solium.', '2025-05-02 14:46:19'),
(260, 45, 23, '2021-03-05', '14:18:41', 120, '2021-10-17 04:50:57', 'completed', 'Minima cruciamentum velum confero suscipio colligo cupiditate despecto atque mollitia spectaculum depopulo casso quam dolore dolorem tribuo verecundia velum depraedor excepturi supra synagoga volva vis allatus repudiandae validus utique cohaero ancilla au', '2025-05-02 14:46:19'),
(261, 45, 15, '2021-01-02', '15:13:19', 60, '2021-01-03 23:26:11', 'completed', 'Deprimo cena sequi vulnus harum ago labore labore rem cunae apparatus soleo spiculum itaque adimpleo tamdiu accendo vehemens adficio suspendo abundans ullam pecus comes vomer nulla venia peccatus.', '2025-05-02 14:46:19'),
(262, 45, 62, '2021-08-27', '12:14:25', 180, '2021-03-27 21:25:31', 'completed', NULL, '2025-05-02 14:46:19'),
(263, 46, 2, '2022-05-20', '12:23:12', 210, '2022-05-27 10:53:16', 'completed', NULL, '2025-05-02 14:46:19'),
(264, 46, 62, '2022-07-16', '10:49:51', 30, '2022-01-22 08:28:13', 'completed', 'Ultio absens aegrus coma cuppedia ars stillicidium asperiores compono admoveo conspergo commemoro viscus architecto praesentium adnuo alter corpus arca quos turpis cruciamentum sint cursus consequatur veniam casus trans deprecator abeo subnecto conduco ve', '2025-05-02 14:46:19'),
(265, 46, 66, '2022-03-16', '11:47:19', 150, '2022-06-26 09:19:36', 'completed', NULL, '2025-05-02 14:46:19'),
(266, 46, 17, '2022-02-19', '09:22:05', 60, '2022-10-28 07:13:05', 'completed', 'Ullus cervus vulpes decretum concedo itaque claustrum decet tenus bibo.', '2025-05-02 14:46:19'),
(267, 46, 68, '2022-07-14', '09:56:40', 240, '2022-12-06 23:22:02', 'completed', NULL, '2025-05-02 14:46:19'),
(268, 46, 12, '2022-10-11', '09:34:51', 30, '2022-06-01 02:37:11', 'completed', NULL, '2025-05-02 14:46:19'),
(269, 46, 67, '2022-05-31', '11:32:21', 240, '2022-12-23 15:49:59', 'completed', 'Demens artificiose cupio adstringo similique architecto tribuo calcar avaritia pax vulgaris videlicet dolorem delego armarium autem laudantium peccatus credo confero vaco debitis viridis ipsam creo advoco cibo soluta armarium damnatio clamo stipes quos th', '2025-05-02 14:46:19'),
(270, 46, 10, '2022-11-19', '13:29:55', 240, '2022-11-06 18:28:13', 'completed', 'Arx demitto volup bos thema vitiosus appositus cattus adipiscor audax ascit callide audax tactus audio tam cervus venio virga.', '2025-05-02 14:46:19'),
(271, 46, 70, '2022-11-04', '16:01:10', 120, '2022-11-22 05:09:17', 'completed', 'Arbustum summa aegre convoco comburo combibo itaque volva calcar aperiam derelinquo suffoco terga degenero candidus ultio tametsi agnitio vilis nesciunt sustineo bellum vigor tergum conspergo triduana ambulo coepi.', '2025-05-02 14:46:19'),
(272, 46, 69, '2022-10-26', '10:41:14', 60, '2022-05-09 02:53:41', 'completed', 'Autem beneficium uredo dolores caste conqueror succurro uredo adaugeo cura trans creptio utilis victus cupressus audio vitium somnus caute velit curatio provident vicissitudo defluo subnecto abbas atqui cuppedia tui barba ventito tibi vapulus veritas quam', '2025-05-02 14:46:19'),
(273, 47, 21, '2022-08-02', '14:03:57', 240, '2022-05-10 02:11:28', 'completed', NULL, '2025-05-02 14:46:19'),
(274, 47, 17, '2024-12-08', '12:03:28', 90, '2024-05-07 08:37:54', 'completed', 'Explicabo conservo sum adduco quae omnis voco demonstro tametsi taedium accusator cauda tripudio colo temptatio talus.', '2025-05-02 14:46:19'),
(275, 47, 25, '2023-09-08', '12:05:15', 210, '2023-06-19 00:19:19', 'completed', NULL, '2025-05-02 14:46:19'),
(276, 47, 18, '2022-09-13', '11:40:14', 60, '2022-09-15 13:03:59', 'completed', NULL, '2025-05-02 14:46:19'),
(277, 47, 15, '2024-12-28', '10:31:08', 30, '2023-06-15 10:01:20', 'completed', 'Tener placeat eaque temeritas desino aegre assentator abduco calamitas supra testimonium quaerat catena derideo utor thema ambulo aequus ad caute vallum est.', '2025-05-02 14:46:19'),
(278, 47, 21, '2024-01-01', '13:33:34', 180, '2023-08-01 20:57:40', 'completed', NULL, '2025-05-02 14:46:19'),
(279, 47, 21, '2023-03-03', '16:35:55', 240, '2023-11-19 04:00:12', 'completed', 'Modi illum colligo synagoga aeger caput ventito voluptatem dolorum crinis soleo debilito concedo urbs cultura comis chirographum surculus succedo sustineo vinco cursus cursus statua summisse cerno commodi atrocitas coniecto voluptatum vesco creber aliqua ', '2025-05-02 14:46:19'),
(280, 47, 19, '2024-07-04', '13:46:59', 180, '2023-07-30 23:50:54', 'completed', 'Minima vinum tubineus reiciendis vesica iure quos tego video vesica at vestrum odio alveus despecto vespillo cilicium socius expedita comedo avarus itaque aduro advenio volo aegrotatio certe aqua currus attonbitus creta tandem decumbo vitiosus charisma to', '2025-05-02 14:46:19'),
(281, 47, 4, '2022-03-11', '10:12:32', 240, '2024-08-16 21:06:08', 'cancelled', NULL, '2025-05-02 14:46:19'),
(282, 47, 62, '2021-02-10', '15:29:17', 90, '2024-03-25 21:20:48', 'completed', 'Ultio debeo ter ulterius colo demens comburo cibus soluta speciosus ago canonicus utor vesica ea blanditiis decens veritas vulticulus ipsum antiquus cornu usitas congregatio vacuus ipsum sol cogo ultra ante terminatio delectus vaco votum pecto colligo ada', '2025-05-02 14:46:19'),
(283, 48, 15, '2020-03-30', '13:23:22', 30, '2020-03-03 17:48:57', 'cancelled', 'Spiculum surculus thymbra surculus suscipit consuasor verus adsuesco decretum ipsum cohors asperiores ventosus thesis dolores creator amaritudo territo voluntarius repellat truculenter pectus tempora praesentium tepidus agnitio audacia vaco curto trepide ', '2025-05-02 14:46:19'),
(284, 48, 16, '2019-04-25', '09:18:59', 180, '2019-05-08 17:58:37', 'completed', 'Verto inflammatio speciosus curiositas maxime ulciscor cimentarius aqua accusator ventito amplus defero architecto commodi maxime eveniet trucido dedecor.', '2025-05-02 14:46:19'),
(285, 49, 68, '2025-12-21', '09:04:21', 90, '2025-01-06 21:09:00', 'pending', NULL, '2025-05-02 14:46:19'),
(286, 49, 64, '2025-05-09', '12:15:32', 60, '2025-02-09 07:09:47', 'pending', 'Civitas suppellex careo conatus cornu cerno ante viriliter demonstro vetus dolorum urbs textor suadeo vacuus tollo defluo sufficio solitudo quod quia id cado tristis auctor terebro acsi vinculum dolorum error antea unde celer via acer vox totus defero spe', '2025-05-02 14:46:19'),
(287, 49, 9, '2025-04-28', '16:18:23', 120, '2025-10-26 12:18:12', 'completed', 'Conqueror aggero dedico voluptate inflammatio rem taceo articulus sol tamisium voluptatibus coruscus aperiam animadverto angelus cresco soluta recusandae contego dignissimos textilis decipio vito cornu acsi constans vivo volutabrum crux sto verbera decret', '2025-05-02 14:46:19'),
(288, 49, 65, '2025-08-11', '16:27:22', 60, '2025-04-08 19:48:47', 'pending', NULL, '2025-05-02 14:46:19'),
(289, 50, 6, '2021-10-25', '13:26:05', 120, '2021-11-18 06:54:28', 'cancelled', 'Subito umbra aeternus sumptus laboriosam fuga tripudio taedium perferendis thesis ustilo sponte conduco itaque conculco anser ascisco suffragium voluptate ara basium expedita spero.', '2025-05-02 14:46:19'),
(290, 50, 25, '2021-01-16', '15:32:27', 120, '2021-10-26 10:55:15', 'cancelled', 'Tabgo decor perferendis vomer victus aedificium sursum defero sortitus deduco possimus certus cui quo demitto admoneo cresco comptus considero thymum uterque valeo defero vester arceo audax nisi vilitas taceo bellum quis creber sit absque subnecto provide', '2025-05-02 14:46:19'),
(291, 50, 66, '2021-06-08', '16:28:24', 120, '2021-07-13 03:18:23', 'completed', 'Cado qui textor subito confero adiuvo decens adnuo arx vester quos ducimus subvenio similique valetudo despecto debitis uter coma aestus cornu spectaculum varius a compono carpo statim vesica benevolentia tero amplexus atrocitas tepidus dolore ultio quia ', '2025-05-02 14:46:19'),
(292, 50, 4, '2021-07-22', '09:49:58', 150, '2021-11-26 12:11:31', 'completed', 'Vulnus vapulus curriculum abeo amoveo concedo bellum coniecto fuga claro dolorem somnus aggero toties tergeo ait demulceo creptio corpus aduro officiis aeneus exercitationem tempora animus odit corrigo debitis cohors caecus ante amo crastinus appositus am', '2025-05-02 14:46:19'),
(293, 50, 12, '2021-05-15', '13:39:07', 30, '2021-03-27 02:10:58', 'completed', NULL, '2025-05-02 14:46:19'),
(294, 50, 68, '2021-09-15', '11:57:48', 120, '2021-07-06 20:04:47', 'completed', 'Commodi bene collum adinventitias apud ventosus abbas vel error culpa tondeo crudelis decet sono certe comedo cur agnosco quas cohibeo voluptate tamquam acceptus corpus subseco angulus denego valeo delectatio abutor argumentum antea cura adipiscor vitium ', '2025-05-02 14:46:19'),
(295, 50, 6, '2021-03-07', '16:38:02', 120, '2021-04-06 04:20:49', 'cancelled', 'Aurum terga succurro votum decet aqua uberrime calamitas cubitum colligo corroboro agnosco nihil cariosus curis enim calcar tergum terreo temperantia patior approbo cetera laboriosam sol vito sodalitas beatus ipsum averto desipio corporis trepide administ', '2025-05-02 14:46:19'),
(296, 50, 16, '2021-02-18', '15:36:13', 90, '2021-04-07 15:17:07', 'completed', NULL, '2025-05-02 14:46:19'),
(297, 50, 69, '2021-12-12', '12:57:11', 210, '2021-06-12 05:32:04', 'cancelled', NULL, '2025-05-02 14:46:19'),
(298, 50, 19, '2021-07-05', '10:10:49', 30, '2021-01-30 11:35:24', 'completed', NULL, '2025-05-02 14:46:19');

-- --------------------------------------------------------

--
-- Table structure for table `appointment_service`
--

CREATE TABLE `appointment_service` (
  `appointment_id` int(11) NOT NULL,
  `service_id` int(11) NOT NULL
) ENGINE=InnoDB DEFAULT CHARSET=utf8mb4 COLLATE=utf8mb4_general_ci;

--
-- Dumping data for table `appointment_service`
--

INSERT INTO `appointment_service` (`appointment_id`, `service_id`) VALUES
(1, 5),
(1, 44),
(2, 41),
(3, 10),
(3, 13),
(4, 35),
(5, 35),
(6, 37),
(7, 35),
(8, 9),
(8, 16),
(8, 30),
(9, 2),
(9, 19),
(10, 26),
(10, 29),
(11, 19),
(12, 42),
(13, 9),
(13, 12),
(13, 22),
(14, 5),
(14, 23),
(14, 39),
(15, 19),
(15, 20),
(15, 31),
(16, 21),
(17, 6),
(17, 26),
(17, 53),
(18, 45),
(19, 7),
(19, 21),
(20, 31),
(21, 27),
(21, 48),
(22, 7),
(22, 13),
(23, 21),
(24, 15),
(24, 23),
(24, 41),
(25, 5),
(25, 7),
(26, 45),
(27, 25),
(28, 16),
(29, 8),
(30, 1),
(30, 6),
(31, 21),
(31, 25),
(31, 37),
(32, 25),
(33, 17),
(33, 42),
(33, 44),
(34, 8),
(35, 26),
(35, 27),
(35, 38),
(36, 32),
(37, 21),
(37, 34),
(37, 53),
(38, 20),
(38, 21),
(39, 14),
(39, 23),
(39, 42),
(40, 22),
(40, 27),
(40, 46),
(41, 9),
(41, 24),
(41, 27),
(42, 45),
(43, 31),
(43, 41),
(44, 15),
(44, 17),
(45, 23),
(45, 32),
(46, 41),
(47, 2),
(47, 42),
(47, 49),
(48, 6),
(48, 36),
(48, 38),
(49, 19),
(49, 34),
(50, 51),
(51, 47),
(52, 11),
(52, 13),
(52, 44),
(53, 24),
(53, 36),
(54, 18),
(54, 36),
(55, 14),
(55, 33),
(55, 50),
(56, 6),
(56, 11),
(56, 48),
(57, 37),
(57, 45),
(57, 46),
(58, 27),
(59, 27),
(59, 34),
(60, 13),
(60, 16),
(61, 15),
(61, 23),
(61, 24),
(62, 11),
(62, 20),
(63, 22),
(64, 4),
(65, 20),
(66, 1),
(67, 24),
(67, 34),
(68, 8),
(68, 15),
(68, 17),
(69, 27),
(69, 44),
(69, 49),
(70, 10),
(70, 19),
(70, 31),
(71, 8),
(71, 15),
(71, 16),
(72, 21),
(73, 2),
(73, 23),
(73, 49),
(74, 35),
(75, 2),
(75, 12),
(75, 50),
(76, 6),
(76, 13),
(76, 23),
(77, 36),
(78, 10),
(78, 40),
(79, 25),
(79, 26),
(79, 45),
(80, 3),
(80, 32),
(80, 43),
(81, 20),
(81, 38),
(81, 46),
(82, 12),
(82, 19),
(82, 23),
(83, 8),
(84, 7),
(84, 38),
(84, 53),
(85, 27),
(85, 38),
(86, 41),
(86, 45),
(87, 49),
(88, 11),
(89, 16),
(89, 19),
(90, 16),
(90, 17),
(90, 40),
(91, 15),
(91, 45),
(92, 53),
(93, 53),
(94, 1),
(94, 8),
(95, 17),
(95, 53),
(96, 29),
(96, 50),
(96, 53),
(97, 53),
(98, 12),
(98, 16),
(99, 3),
(99, 6),
(99, 28),
(100, 31),
(100, 47),
(101, 12),
(101, 14),
(101, 33),
(102, 27),
(102, 35),
(103, 41),
(103, 50),
(104, 8),
(104, 22),
(105, 36),
(106, 8),
(106, 21),
(107, 16),
(108, 36),
(108, 44),
(109, 33),
(110, 28),
(110, 29),
(110, 35),
(111, 12),
(112, 26),
(113, 22),
(113, 40),
(114, 4),
(114, 15),
(114, 53),
(115, 13),
(115, 37),
(115, 41),
(116, 13),
(116, 17),
(116, 32),
(117, 28),
(118, 26),
(119, 44),
(120, 48),
(121, 11),
(121, 12),
(122, 41),
(123, 16),
(123, 23),
(123, 38),
(124, 36),
(124, 44),
(125, 42),
(126, 1),
(127, 17),
(127, 28),
(127, 33),
(128, 15),
(128, 38),
(129, 39),
(130, 3),
(130, 27),
(130, 32),
(131, 4),
(131, 17),
(131, 53),
(132, 21),
(133, 1),
(133, 35),
(133, 44),
(134, 43),
(135, 11),
(135, 20),
(135, 25),
(136, 28),
(136, 53),
(137, 29),
(137, 43),
(138, 50),
(138, 52),
(139, 31),
(139, 40),
(139, 47),
(140, 2),
(140, 13),
(141, 6),
(141, 42),
(142, 26),
(143, 21),
(144, 34),
(144, 46),
(145, 11),
(145, 35),
(146, 20),
(147, 6),
(147, 52),
(148, 25),
(148, 46),
(148, 51),
(149, 45),
(150, 13),
(150, 25),
(150, 46),
(151, 6),
(152, 41),
(153, 28),
(153, 41),
(154, 5),
(154, 11),
(154, 49),
(155, 16),
(155, 31),
(155, 40),
(156, 11),
(156, 48),
(157, 4),
(157, 14),
(157, 19),
(158, 19),
(158, 38),
(159, 14),
(159, 28),
(160, 15),
(160, 30),
(161, 7),
(161, 48),
(161, 52),
(162, 39),
(162, 48),
(163, 12),
(163, 32),
(164, 8),
(164, 29),
(164, 48),
(165, 14),
(166, 31),
(166, 35),
(167, 52),
(168, 36),
(169, 47),
(170, 25),
(170, 38),
(170, 41),
(171, 42),
(172, 20),
(172, 22),
(172, 47),
(173, 2),
(174, 28),
(174, 42),
(175, 8),
(175, 13),
(175, 33),
(176, 2),
(177, 47),
(177, 52),
(178, 14),
(178, 26),
(179, 32),
(180, 14),
(181, 2),
(181, 14),
(182, 33),
(182, 39),
(183, 44),
(184, 50),
(185, 8),
(185, 50),
(185, 51),
(186, 12),
(186, 31),
(187, 33),
(188, 3),
(188, 31),
(188, 32),
(189, 32),
(190, 15),
(190, 20),
(190, 36),
(191, 2),
(191, 37),
(192, 32),
(192, 46),
(193, 28),
(194, 21),
(194, 29),
(195, 7),
(195, 48),
(195, 50),
(196, 2),
(196, 21),
(196, 34),
(197, 11),
(197, 23),
(197, 30),
(198, 23),
(199, 18),
(199, 46),
(200, 31),
(200, 35),
(201, 3),
(201, 39),
(202, 45),
(203, 4),
(203, 17),
(203, 34),
(204, 1),
(204, 13),
(204, 36),
(205, 2),
(206, 2),
(206, 23),
(207, 19),
(207, 52),
(208, 53),
(209, 1),
(209, 16),
(210, 20),
(210, 32),
(210, 34),
(211, 22),
(211, 34),
(211, 40),
(212, 4),
(212, 17),
(212, 18),
(213, 8),
(213, 31),
(214, 6),
(214, 29),
(215, 4),
(215, 36),
(215, 49),
(216, 9),
(216, 14),
(216, 37),
(217, 21),
(218, 22),
(218, 27),
(218, 46),
(219, 41),
(220, 15),
(221, 5),
(221, 37),
(222, 41),
(222, 44),
(223, 1),
(223, 2),
(223, 43),
(224, 4),
(225, 37),
(226, 47),
(227, 3),
(227, 34),
(228, 2),
(228, 12),
(228, 53),
(229, 8),
(229, 35),
(230, 48),
(231, 11),
(231, 30),
(232, 16),
(232, 19),
(232, 32),
(233, 7),
(233, 16),
(234, 15),
(235, 24),
(236, 17),
(237, 4),
(237, 27),
(237, 50),
(238, 1),
(239, 16),
(239, 21),
(239, 24),
(240, 5),
(241, 3),
(241, 13),
(241, 33),
(242, 13),
(242, 35),
(243, 11),
(243, 23),
(244, 12),
(244, 24),
(244, 43),
(245, 15),
(245, 22),
(245, 32),
(246, 15),
(246, 25),
(247, 10),
(247, 19),
(248, 13),
(248, 24),
(248, 51),
(249, 39),
(249, 42),
(250, 5),
(250, 18),
(250, 32),
(251, 18),
(252, 3),
(252, 25),
(253, 28),
(253, 29),
(254, 1),
(254, 3),
(254, 11),
(255, 4),
(256, 40),
(257, 8),
(257, 33),
(257, 53),
(258, 3),
(259, 5),
(260, 2),
(260, 31),
(260, 35),
(261, 1),
(261, 29),
(262, 21),
(262, 30),
(263, 18),
(263, 37),
(264, 46),
(265, 22),
(266, 43),
(267, 13),
(268, 6),
(269, 20),
(269, 32),
(269, 35),
(270, 39),
(270, 52),
(271, 14),
(271, 26),
(272, 7),
(272, 28),
(273, 11),
(274, 6),
(274, 16),
(275, 6),
(276, 22),
(276, 39),
(277, 29),
(277, 38),
(277, 47),
(278, 3),
(278, 17),
(279, 33),
(279, 36),
(279, 39),
(280, 28),
(281, 17),
(281, 21),
(281, 43),
(282, 53),
(283, 2),
(283, 34),
(284, 20),
(284, 53),
(285, 41),
(286, 2),
(287, 17),
(287, 30),
(288, 10),
(288, 37),
(289, 29),
(289, 32),
(290, 3),
(290, 11),
(290, 44),
(291, 29),
(291, 32),
(291, 46),
(292, 13),
(292, 40),
(292, 51),
(293, 4),
(293, 7),
(294, 46),
(295, 15),
(295, 19),
(296, 35),
(296, 39),
(297, 6),
(297, 28),
(298, 26);

-- --------------------------------------------------------

--
-- Table structure for table `employee`
--

CREATE TABLE `employee` (
  `employee_id` int(11) NOT NULL,
  `occupation_id` int(11) NOT NULL,
  `first_name` varchar(25) NOT NULL,
  `last_name` varchar(25) NOT NULL,
  `middle_name` varchar(25) DEFAULT NULL,
  `date_of_birth` date NOT NULL,
  `age` int(11) NOT NULL,
  `gender` enum('male','female','other') NOT NULL,
  `street` varchar(50) DEFAULT NULL,
  `province` varchar(50) NOT NULL,
  `municipality` varchar(50) NOT NULL,
  `barangay` varchar(50) NOT NULL,
  `zip_code` varchar(50) NOT NULL,
  `email` varchar(50) NOT NULL,
  `contact_no` varchar(20) NOT NULL,
  `created_at` timestamp NOT NULL DEFAULT current_timestamp()
) ENGINE=InnoDB DEFAULT CHARSET=utf8mb4 COLLATE=utf8mb4_general_ci;

--
-- Dumping data for table `employee`
--

INSERT INTO `employee` (`employee_id`, `occupation_id`, `first_name`, `last_name`, `middle_name`, `date_of_birth`, `age`, `gender`, `street`, `province`, `municipality`, `barangay`, `zip_code`, `email`, `contact_no`, `created_at`) VALUES
(1, 1, 'Maria', 'Santos', 'Cruz', '1980-05-15', 43, 'female', '123 Pine St', 'Metro Manila', 'Quezon City', 'Kamuning', '1103', 'msantos@clinic.com', '09171234567', '2025-05-01 14:51:12'),
(2, 1, 'Juan', 'Dela Cruz', 'Reyes', '1975-11-22', 48, 'male', '456 Oak Ave', 'Metro Manila', 'Makati', 'San Antonio', '1200', 'jdelacruz@clinic.com', '09182345678', '2025-05-01 14:51:12'),
(3, 1, 'Ana', 'Lopez', 'Garcia', '1988-03-30', 35, 'female', '789 Maple Rd', 'Bulacan', 'Malolos', 'Tikay', '3000', 'alopez@clinic.com', '09193456789', '2025-05-01 14:51:12'),
(4, 1, 'Carlos', 'Gonzales', NULL, '1979-07-12', 44, 'male', '321 Elm Blvd', 'Laguna', 'Santa Rosa', 'Tagapo', '4026', 'cgonzales@clinic.com', '09204567890', '2025-05-01 14:51:12'),
(5, 1, 'Sofia', 'Reyes', 'Lim', '1990-09-18', 33, 'female', '654 Cedar Ln', 'Cavite', 'Dasmarinas', 'San Agustin', '4114', 'sreyes@clinic.com', '09215678901', '2025-05-01 14:51:12'),
(6, 2, 'Liza', 'Tan', 'Ong', '1992-02-25', 31, 'female', '987 Birch St', 'Metro Manila', 'Pasig', 'Kapitolyo', '1603', 'ltan@clinic.com', '09226789012', '2025-05-01 14:51:12'),
(7, 2, 'Mark', 'Lim', 'Chua', '1995-08-14', 28, 'male', '753 Acacia Ave', 'Rizal', 'Antipolo', 'San Roque', '1870', 'mlim@clinic.com', '09237890123', '2025-05-01 14:51:12'),
(8, 2, 'Elena', 'Sy', NULL, '1989-12-05', 34, 'female', '159 Narra Rd', 'Metro Manila', 'Taguig', 'Fort Bonifacio', '1634', 'esy@clinic.com', '09248901234', '2025-05-01 14:51:12'),
(9, 2, 'Paul', 'Uy', 'Co', '1993-04-20', 30, 'male', '357 Molave Blvd', 'Metro Manila', 'Mandaluyong', 'Addition Hills', '1550', 'puy@clinic.com', '09259012345', '2025-05-01 14:51:12'),
(10, 2, 'Grace', 'Wong', 'Lee', '1991-07-08', 32, 'female', '246 Mahogany Ln', 'Metro Manila', 'San Juan', 'Greenhills', '1502', 'gwong@clinic.com', '09260123456', '2025-05-01 14:51:12'),
(11, 3, 'Ryan', 'Gomez', 'Diaz', '1994-01-30', 29, 'male', '864 Palm St', 'Metro Manila', 'Manila', 'Ermita', '1000', 'rgomez@clinic.com', '09271234567', '2025-05-01 14:51:12'),
(12, 3, 'Megan', 'Torres', 'Ramos', '1996-06-17', 27, 'female', '135 Coconut Ave', 'Pampanga', 'Angeles', 'Pulungbulu', '2009', 'mtorres@clinic.com', '09282345678', '2025-05-01 14:51:12'),
(13, 3, 'Anthony', 'Mendoza', NULL, '1997-09-22', 26, 'male', '579 Bamboo Rd', 'Metro Manila', 'Paranaque', 'BF Homes', '1720', 'amendoza@clinic.com', '09293456789', '2025-05-01 14:51:12'),
(14, 3, 'Diana', 'Rivera', 'Sanchez', '1995-03-11', 28, 'female', '246 Mangrove Blvd', 'Batangas', 'Lipa', 'Sabang', '4217', 'drivera@clinic.com', '09304567890', '2025-05-01 14:51:12'),
(15, 3, 'Leo', 'Castillo', 'Martin', '1998-11-05', 25, 'male', '369 Durian Ln', 'Metro Manila', 'Las Pinas', 'Talon Uno', '1740', 'lcastillo@clinic.com', '09315678901', '2025-05-01 14:51:12'),
(16, 4, 'Gabriela', 'Lim', 'Tan', '1983-09-14', 40, 'female', '123 Orchid St', 'Metro Manila', 'Makati', 'Bel-Air', '1209', 'glim@clinic.com', '09171234568', '2025-05-01 14:53:59'),
(17, 4, 'Rafael', 'Sy', 'Uy', '1979-04-25', 44, 'male', '456 Jasmine Ave', 'Metro Manila', 'Taguig', 'Bonifacio Global City', '1634', 'rsy@clinic.com', '09182345679', '2025-05-01 14:53:59'),
(18, 4, 'Corazon', 'Ong', 'Co', '1985-11-08', 38, 'female', '789 Sampaguita Rd', 'Laguna', 'Calamba', 'Pansol', '4027', 'cong@clinic.com', '09193456780', '2025-05-01 14:53:59'),
(19, 4, 'Eduardo', 'Chua', NULL, '1981-07-30', 42, 'male', '321 Ilang-Ilang Blvd', 'Cavite', 'Bacoor', 'Molino', '4102', 'echua@clinic.com', '09204567891', '2025-05-01 14:53:59'),
(20, 4, 'Isabel', 'Guanzon', 'Lim', '1988-02-17', 35, 'female', '654 Bougainvillea Ln', 'Rizal', 'Cainta', 'San Andres', '1900', 'iguanzon@clinic.com', '09215678902', '2025-05-01 14:53:59'),
(21, 5, 'Mariano', 'Tan', 'Sy', '1977-05-19', 46, 'male', '987 Camia St', 'Metro Manila', 'Pasig', 'San Antonio', '1600', 'mtan@clinic.com', '09226789013', '2025-05-01 14:53:59'),
(22, 5, 'Lucia', 'Yu', 'Go', '1982-12-03', 41, 'female', '753 Daffodil Ave', 'Metro Manila', 'Mandaluyong', 'Wack-Wack', '1550', 'lyu@clinic.com', '09237890124', '2025-05-01 14:53:59'),
(23, 5, 'Antonio', 'Lim', 'Ong', '1980-08-22', 43, 'male', '159 Dahlia Rd', 'Bulacan', 'San Jose del Monte', 'Tungkong Mangga', '3023', 'alim@clinic.com', '09248901235', '2025-05-01 14:53:59'),
(24, 5, 'Beatriz', 'Garcia', 'Reyes', '1986-03-15', 37, 'female', '357 Sunflower Blvd', 'Metro Manila', 'Quezon City', 'Libis', '1110', 'bgarcia@clinic.com', '09259012346', '2025-05-01 14:53:59'),
(25, 5, 'Francisco', 'Dizon', NULL, '1979-10-28', 44, 'male', '246 Tulip Ln', 'Pampanga', 'San Fernando', 'San Agustin', '2000', 'fdizon@clinic.com', '09260123457', '2025-05-01 14:53:59'),
(26, 6, 'Carmen', 'Ramos', 'Santos', '1984-01-07', 39, 'female', '135 Lily St', 'Metro Manila', 'Manila', 'Malate', '1004', 'cramos@clinic.com', '09271234568', '2025-05-01 14:53:59'),
(27, 6, 'Ricardo', 'Gonzales', 'Mendoza', '1978-06-12', 45, 'male', '579 Rose Ave', 'Metro Manila', 'Paraaque', 'San Dionisio', '1700', 'rgonzales@clinic.com', '09282345679', '2025-05-01 14:53:59'),
(28, 6, 'Teresita', 'Ang', 'Lim', '1983-09-25', 40, 'female', '246 Orchid Rd', 'Batangas', 'Batangas City', 'Poblacion', '4200', 'tang@clinic.com', '09293456780', '2025-05-01 14:53:59'),
(29, 6, 'Alfredo', 'Torres', 'Cruz', '1981-04-18', 42, 'male', '369 Daisy Blvd', 'Metro Manila', 'Las Pias', 'Pamplona', '1740', 'atorres@clinic.com', '09304567891', '2025-05-01 14:53:59'),
(30, 6, 'Rosario', 'Chua', 'Sy', '1987-11-30', 36, 'female', '482 Sunflower Ln', 'Metro Manila', 'Muntinlupa', 'Alabang', '1781', 'rchua@clinic.com', '09315678902', '2025-05-01 14:53:59'),
(31, 7, 'Enrique', 'Ocampo', 'Dela Cruz', '1976-07-23', 47, 'male', '591 Magnolia St', 'Metro Manila', 'San Juan', 'Greenhills', '1502', 'eocampo@clinic.com', '09326789013', '2025-05-01 14:53:59'),
(32, 7, 'Isabella', 'Lim', 'Tan', '1982-02-14', 41, 'female', '723 Santan Ave', 'Metro Manila', 'Valenzuela', 'Marulas', '1441', 'ilim@clinic.com', '09337890124', '2025-05-01 14:53:59'),
(33, 7, 'Rodrigo', 'Sy', 'Uy', '1979-10-05', 44, 'male', '854 Gumamela Rd', 'Laguna', 'Bian', 'San Antonio', '4024', 'rsy2@clinic.com', '09348901235', '2025-05-01 14:53:59'),
(34, 7, 'Lourdes', 'Ong', 'Co', '1985-05-28', 38, 'female', '967 Kalachuchi Blvd', 'Cavite', 'Imus', 'Bayan Luma', '4103', 'long@clinic.com', '09359012346', '2025-05-01 14:53:59'),
(35, 7, 'Felipe', 'Gomez', 'Reyes', '1980-12-31', 43, 'male', '138 Champaca Ln', 'Rizal', 'Taytay', 'Dolores', '1920', 'fgomez@clinic.com', '09360123457', '2025-05-01 14:53:59'),
(36, 8, 'Teresa', 'Alcantara', 'Reyes', '1990-04-12', 33, 'female', '147 Santol St', 'Metro Manila', 'Pasay', 'Malibay', '1300', 'talcantara@clinic.com', '09171234560', '2025-05-01 15:07:25'),
(37, 8, 'Dennis', 'Romero', 'Gutierrez', '1988-10-19', 35, 'male', '258 Lansones Ave', 'Metro Manila', 'Caloocan', 'Grace Park', '1400', 'dromero@clinic.com', '09182345671', '2025-05-01 15:07:25'),
(38, 8, 'Maricel', 'Fernandez', 'Hernandez', '1993-02-28', 30, 'female', '369 Rambutan Rd', 'Metro Manila', 'Valenzuela', 'Karuhatan', '1441', 'mfernandez@clinic.com', '09193456782', '2025-05-01 15:07:25'),
(39, 8, 'Brian', 'Chua', 'Sy', '1991-07-15', 32, 'male', '471 Atis Blvd', 'Metro Manila', 'Marikina', 'Concepcion Uno', '1807', 'bchua@clinic.com', '09204567893', '2025-05-01 15:07:25'),
(40, 8, 'Patricia', 'Lopez', 'Garcia', '1989-12-08', 34, 'female', '572 Chico Ln', 'Metro Manila', 'Muntinlupa', 'Alabang', '1781', 'plopez@clinic.com', '09215678904', '2025-05-01 15:07:25'),
(41, 9, 'Carla', 'Mendoza', 'Santos', '1987-06-21', 36, 'female', '123 Durian St', 'Metro Manila', 'Paraaque', 'San Dionisio', '1700', 'cmendoza@clinic.com', '09226789015', '2025-05-01 15:07:25'),
(42, 9, 'Raymond', 'Tan', 'Lim', '1985-11-14', 38, 'male', '456 Langka Ave', 'Metro Manila', 'Las Pias', 'Pamplona', '1740', 'rtan@clinic.com', '09237890126', '2025-05-01 15:07:25'),
(43, 9, 'Lorna', 'Ong', 'Co', '1992-03-05', 31, 'female', '789 Mangosteen Rd', 'Metro Manila', 'Taguig', 'Western Bicutan', '1630', 'long@clinic.com', '09248901237', '2025-05-01 15:07:25'),
(44, 9, 'Allan', 'Sy', 'Uy', '1989-08-18', 34, 'male', '321 Rambutan Blvd', 'Metro Manila', 'Pasig', 'Kapitolyo', '1603', 'asy@clinic.com', '09259012348', '2025-05-01 15:07:25'),
(45, 9, 'Gina', 'Garcia', 'Reyes', '1994-01-30', 29, 'female', '654 Lanzones Ln', 'Metro Manila', 'Makati', 'San Antonio', '1200', 'ggarcia@clinic.com', '09260123459', '2025-05-01 15:07:25'),
(46, 10, 'Roberto', 'Santos', 'Cruz', '1980-05-25', 43, 'male', '123 Pineapple St', 'Metro Manila', 'Quezon City', 'Kamuning', '1103', 'rsantos@clinic.com', '09371234560', '2025-05-01 15:07:25'),
(47, 10, 'Elizabeth', 'Lim', 'Tan', '1983-09-12', 40, 'female', '456 Papaya Ave', 'Metro Manila', 'Mandaluyong', 'Addition Hills', '1550', 'elim@clinic.com', '09382345671', '2025-05-01 15:07:25'),
(48, 10, 'Manuel', 'Gonzales', NULL, '1979-02-17', 44, 'male', '789 Guava Rd', 'Metro Manila', 'San Juan', 'Greenhills', '1502', 'mgonzales@clinic.com', '09393456782', '2025-05-01 15:07:25'),
(49, 10, 'Sofia', 'Chua', 'Ong', '1986-07-08', 37, 'female', '321 Melon Blvd', 'Metro Manila', 'Manila', 'Ermita', '1000', 'schua@clinic.com', '09404567893', '2025-05-01 15:07:25'),
(50, 10, 'Ferdinand', 'Torres', 'Reyes', '1981-12-31', 42, 'male', '654 Watermelon Ln', 'Metro Manila', 'Pasay', 'Villamor', '1300', 'ftorres@clinic.com', '09415678904', '2025-05-01 15:07:25'),
(51, 11, 'Andrea', 'Rivera', 'Diaz', '1991-04-15', 32, 'female', '123 Mango St', 'Metro Manila', 'Makati', 'Poblacion', '1210', 'arivera@clinic.com', '09426789015', '2025-05-01 15:07:25'),
(52, 11, 'Vincent', 'Ong', 'Sy', '1989-10-22', 34, 'male', '456 Banana Ave', 'Metro Manila', 'Taguig', 'Fort Bonifacio', '1634', 'vong@clinic.com', '09437890126', '2025-05-01 15:07:25'),
(53, 11, 'Diana', 'Tan', 'Lim', '1993-03-07', 30, 'female', '789 Coconut Rd', 'Metro Manila', 'Paraaque', 'BF Homes', '1720', 'dtan@clinic.com', '09448901237', '2025-05-01 15:07:25'),
(54, 11, 'Patrick', 'Uy', 'Co', '1990-08-19', 33, 'male', '321 Avocado Blvd', 'Metro Manila', 'Pasig', 'Ortigas Center', '1605', 'puy@clinic.com', '09459012348', '2025-05-01 15:07:25'),
(55, 11, 'Marissa', 'Gomez', 'Reyes', '1995-01-25', 28, 'female', '654 Jackfruit Ln', 'Metro Manila', 'Marikina', 'San Roque', '1800', 'mgomez@clinic.com', '09460123459', '2025-05-01 15:07:25'),
(56, 12, 'Christian', 'Lim', 'Tan', '1988-06-30', 35, 'male', '123 Durian St', 'Metro Manila', 'Quezon City', 'Libis', '1110', 'clim@clinic.com', '09571234560', '2025-05-01 15:07:25'),
(57, 12, 'Angeline', 'Sy', 'Uy', '1992-11-14', 31, 'female', '456 Lansones Ave', 'Metro Manila', 'Caloocan', 'Bagumbong', '1420', 'asy@clinic.com', '09582345671', '2025-05-01 15:07:25'),
(58, 12, 'Mark', 'Ong', 'Co', '1987-04-05', 36, 'male', '789 Rambutan Rd', 'Metro Manila', 'Valenzuela', 'Marulas', '1441', 'mong@clinic.com', '09593456782', '2025-05-01 15:07:25'),
(59, 12, 'Jennifer', 'Chua', NULL, '1994-09-18', 29, 'female', '321 Mangosteen Blvd', 'Metro Manila', 'Las Pias', 'Talon Uno', '1740', 'jchua@clinic.com', '09604567893', '2025-05-01 15:07:25'),
(60, 12, 'Richard', 'Garcia', 'Santos', '1989-02-21', 34, 'male', '654 Lanzones Ln', 'Metro Manila', 'Muntinlupa', 'Alabang', '1781', 'rgarcia@clinic.com', '09615678904', '2025-05-01 15:07:25'),
(61, 4, 'Gabriela', 'Lim', 'Tan', '1983-09-14', 40, 'female', '123 Orchid St', 'Metro Manila', 'Makati', 'Bel-Air', '1209', 'glim@clinic.com', '09171234568', '2025-05-01 15:23:08'),
(62, 4, 'Rafael', 'Sy', 'Uy', '1979-04-25', 44, 'male', '456 Jasmine Ave', 'Metro Manila', 'Taguig', 'Bonifacio Global City', '1634', 'rsy@clinic.com', '09182345679', '2025-05-01 15:23:08'),
(63, 4, 'Corazon', 'Ong', 'Co', '1985-11-08', 38, 'female', '789 Sampaguita Rd', 'Laguna', 'Calamba', 'Pansol', '4027', 'cong@clinic.com', '09193456780', '2025-05-01 15:23:08'),
(64, 4, 'Eduardo', 'Chua', NULL, '1981-07-30', 42, 'male', '321 Ilang-Ilang Blvd', 'Cavite', 'Bacoor', 'Molino', '4102', 'echua@clinic.com', '09204567891', '2025-05-01 15:23:08'),
(65, 4, 'Isabel', 'Guanzon', 'Lim', '1988-02-17', 35, 'female', '654 Bougainvillea Ln', 'Rizal', 'Cainta', 'San Andres', '1900', 'iguanzon@clinic.com', '09215678902', '2025-05-01 15:23:08'),
(66, 5, 'Mariano', 'Tan', 'Sy', '1977-05-19', 46, 'male', '987 Camia St', 'Metro Manila', 'Pasig', 'San Antonio', '1600', 'mtan@clinic.com', '09226789013', '2025-05-01 15:23:08'),
(67, 5, 'Lucia', 'Yu', 'Go', '1982-12-03', 41, 'female', '753 Daffodil Ave', 'Metro Manila', 'Mandaluyong', 'Wack-Wack', '1550', 'lyu@clinic.com', '09237890124', '2025-05-01 15:23:08'),
(68, 5, 'Antonio', 'Lim', 'Ong', '1980-08-22', 43, 'male', '159 Dahlia Rd', 'Bulacan', 'San Jose del Monte', 'Tungkong Mangga', '3023', 'alim@clinic.com', '09248901235', '2025-05-01 15:23:08'),
(69, 5, 'Beatriz', 'Garcia', 'Reyes', '1986-03-15', 37, 'female', '357 Sunflower Blvd', 'Metro Manila', 'Quezon City', 'Libis', '1110', 'bgarcia@clinic.com', '09259012346', '2025-05-01 15:23:08'),
(70, 5, 'Francisco', 'Dizon', NULL, '1979-10-28', 44, 'male', '246 Tulip Ln', 'Pampanga', 'San Fernando', 'San Agustin', '2000', 'fdizon@clinic.com', '09260123457', '2025-05-01 15:23:08'),
(71, 6, 'Carmen', 'Ramos', 'Santos', '1984-01-07', 39, 'female', '135 Lily St', 'Metro Manila', 'Manila', 'Malate', '1004', 'cramos@clinic.com', '09271234568', '2025-05-01 15:23:08'),
(72, 6, 'Ricardo', 'Gonzales', 'Mendoza', '1978-06-12', 45, 'male', '579 Rose Ave', 'Metro Manila', 'Paraaque', 'San Dionisio', '1700', 'rgonzales@clinic.com', '09282345679', '2025-05-01 15:23:08'),
(73, 6, 'Teresita', 'Ang', 'Lim', '1983-09-25', 40, 'female', '246 Orchid Rd', 'Batangas', 'Batangas City', 'Poblacion', '4200', 'tang@clinic.com', '09293456780', '2025-05-01 15:23:08'),
(74, 6, 'Alfredo', 'Torres', 'Cruz', '1981-04-18', 42, 'male', '369 Daisy Blvd', 'Metro Manila', 'Las Pias', 'Pamplona', '1740', 'atorres@clinic.com', '09304567891', '2025-05-01 15:23:08'),
(75, 6, 'Rosario', 'Chua', 'Sy', '1987-11-30', 36, 'female', '482 Sunflower Ln', 'Metro Manila', 'Muntinlupa', 'Alabang', '1781', 'rchua@clinic.com', '09315678902', '2025-05-01 15:23:08'),
(76, 7, 'Enrique', 'Ocampo', 'Dela Cruz', '1976-07-23', 47, 'male', '591 Magnolia St', 'Metro Manila', 'San Juan', 'Greenhills', '1502', 'eocampo@clinic.com', '09326789013', '2025-05-01 15:23:08'),
(77, 7, 'Isabella', 'Lim', 'Tan', '1982-02-14', 41, 'female', '723 Santan Ave', 'Metro Manila', 'Valenzuela', 'Marulas', '1441', 'ilim@clinic.com', '09337890124', '2025-05-01 15:23:08'),
(78, 7, 'Rodrigo', 'Sy', 'Uy', '1979-10-05', 44, 'male', '854 Gumamela Rd', 'Laguna', 'Bian', 'San Antonio', '4024', 'rsy2@clinic.com', '09348901235', '2025-05-01 15:23:08'),
(79, 7, 'Lourdes', 'Ong', 'Co', '1985-05-28', 38, 'female', '967 Kalachuchi Blvd', 'Cavite', 'Imus', 'Bayan Luma', '4103', 'long@clinic.com', '09359012346', '2025-05-01 15:23:08'),
(80, 7, 'Felipe', 'Gomez', 'Reyes', '1980-12-31', 43, 'male', '138 Champaca Ln', 'Rizal', 'Taytay', 'Dolores', '1920', 'fgomez@clinic.com', '09360123457', '2025-05-01 15:23:08');

-- --------------------------------------------------------

--
-- Table structure for table `medical_history`
--

CREATE TABLE `medical_history` (
  `medical_history_id` int(11) NOT NULL,
  `patient_id` int(11) NOT NULL,
  `blood_type` char(5) NOT NULL,
  `allergies` varchar(100) DEFAULT NULL,
  `chronic_illnesses` varchar(255) DEFAULT NULL,
  `current_medication` varchar(255) DEFAULT NULL,
  `past_surgeries` varchar(255) DEFAULT NULL,
  `bleeding_disorders` varchar(255) DEFAULT NULL,
  `heart_condition` varchar(255) DEFAULT NULL,
  `respiratory_issues` varchar(255) DEFAULT NULL,
  `autoimmune_disease` varchar(255) DEFAULT NULL,
  `is_pregnant` tinyint(1) NOT NULL,
  `gum_disease_history` varchar(255) DEFAULT NULL,
  `genetic_conditions` varchar(255) DEFAULT NULL,
  `oral_cancer_history` varchar(255) DEFAULT NULL
) ENGINE=InnoDB DEFAULT CHARSET=utf8mb4 COLLATE=utf8mb4_general_ci;

--
-- Dumping data for table `medical_history`
--

INSERT INTO `medical_history` (`medical_history_id`, `patient_id`, `blood_type`, `allergies`, `chronic_illnesses`, `current_medication`, `past_surgeries`, `bleeding_disorders`, `heart_condition`, `respiratory_issues`, `autoimmune_disease`, `is_pregnant`, `gum_disease_history`, `genetic_conditions`, `oral_cancer_history`) VALUES
(1, 1, 'B+', NULL, NULL, NULL, NULL, 'Von Willebrand disease', 'Pulmonary hypertension', NULL, NULL, 0, NULL, NULL, NULL),
(2, 2, 'O-', NULL, NULL, NULL, NULL, NULL, NULL, NULL, NULL, 0, 'Advanced periodontitis', NULL, 'Lip lesion evaluated'),
(3, 3, 'A+', NULL, 'Migraines', 'Gabapentin 300mg TID, Lisinopril 10mg daily, Hydrochlorothiazide 25mg daily, Ibuprofen 400mg PRN', 'ACL reconstruction', 'Thrombocytopenia', NULL, NULL, NULL, 0, NULL, NULL, NULL),
(4, 4, 'A+', NULL, NULL, NULL, 'Spinal fusion', NULL, NULL, NULL, NULL, 0, NULL, NULL, NULL),
(5, 5, 'AB-', NULL, NULL, NULL, NULL, 'Ehlers-Danlos Syndrome', NULL, NULL, 'Ankylosing spondylitis', 0, NULL, NULL, NULL),
(6, 6, 'A-', 'Dust', 'Chronic bronchitis', 'Amoxicillin 500mg TID, Sumatriptan PRN, Omeprazole 20mg daily', 'Cataract surgery', NULL, 'Pulmonary hypertension', NULL, NULL, 1, NULL, NULL, NULL),
(7, 7, 'A+', NULL, NULL, NULL, NULL, NULL, 'Valve disorder', NULL, NULL, 1, NULL, NULL, NULL),
(8, 8, 'O-', NULL, 'Asthma', 'Gabapentin 300mg TID, Amoxicillin 500mg TID, Montelukast 10mg nightly, Metformin 500mg BID, Sertraline 50mg daily', 'Spinal fusion', NULL, NULL, NULL, NULL, 0, NULL, NULL, NULL),
(9, 9, 'B+', 'Sulfa drugs', 'Kidney disease', 'Naproxen 250mg BID, Amlodipine 5mg daily, Montelukast 10mg nightly', NULL, NULL, 'Pulmonary hypertension', NULL, NULL, 0, NULL, 'Diabetes (maternal)', NULL),
(10, 10, 'AB-', 'Peanuts', 'Anxiety', 'Amlodipine 5mg daily', NULL, NULL, NULL, NULL, 'Graves disease', 0, 'Periodontitis', NULL, NULL),
(11, 11, 'B+', NULL, NULL, NULL, NULL, NULL, NULL, NULL, NULL, 0, NULL, NULL, NULL),
(12, 12, 'B+', NULL, 'GERD', 'Cetirizine 10mg daily, Gabapentin 300mg TID, Omeprazole 20mg daily, Sumatriptan PRN, Levothyroxine 75mcg daily', NULL, NULL, NULL, NULL, NULL, 0, NULL, NULL, NULL),
(13, 13, 'B+', NULL, NULL, NULL, NULL, NULL, NULL, NULL, NULL, 1, NULL, NULL, NULL),
(14, 14, 'B-', NULL, NULL, NULL, NULL, NULL, 'Angina', NULL, NULL, 0, NULL, NULL, NULL),
(15, 15, 'B-', NULL, NULL, NULL, NULL, NULL, NULL, NULL, NULL, 0, NULL, NULL, NULL),
(16, 16, 'O+', NULL, 'Chronic bronchitis', 'Naproxen 250mg BID', NULL, NULL, NULL, NULL, 'Ankylosing spondylitis', 0, 'Severe gum recession', NULL, 'Lip lesion evaluated'),
(17, 17, 'B+', NULL, NULL, NULL, NULL, 'Prothrombin gene mutation', NULL, NULL, 'Ankylosing spondylitis', 0, 'Gum abscess', 'Familial hypercholesterolemia', NULL),
(18, 18, 'O-', NULL, NULL, NULL, NULL, NULL, NULL, 'Allergic rhinitis', 'Celiac disease', 0, NULL, NULL, NULL),
(19, 19, 'O-', 'Latex', NULL, NULL, NULL, NULL, NULL, 'Tuberculosis history', NULL, 0, NULL, NULL, NULL),
(20, 20, 'O+', 'Wheat', 'IBS', 'Atorvastatin 10mg daily', NULL, NULL, NULL, NULL, 'Rheumatoid arthritis', 0, 'Advanced periodontitis', NULL, NULL),
(21, 21, 'AB+', 'Mold', 'Epilepsy', 'Insulin glargine nightly, Gabapentin 300mg TID', NULL, NULL, NULL, NULL, NULL, 0, NULL, NULL, NULL),
(22, 22, 'AB-', NULL, NULL, NULL, 'Spinal fusion', NULL, 'Heart valve prolapse', NULL, NULL, 1, NULL, NULL, NULL),
(23, 23, 'O+', NULL, NULL, NULL, NULL, NULL, NULL, NULL, NULL, 0, NULL, NULL, NULL),
(24, 24, 'AB+', 'Nickel', 'GERD', 'Clonazepam 0.5mg PRN', NULL, NULL, NULL, NULL, NULL, 0, NULL, 'Muscular dystrophy', NULL),
(25, 25, 'O+', NULL, 'Diabetes', 'Gabapentin 300mg TID, Insulin glargine nightly', NULL, NULL, NULL, NULL, 'Pemphigus vulgaris', 0, NULL, NULL, NULL),
(26, 26, 'B-', 'Gluten', NULL, NULL, NULL, NULL, NULL, NULL, NULL, 0, NULL, NULL, NULL),
(27, 27, 'O+', NULL, NULL, NULL, NULL, NULL, NULL, NULL, NULL, 0, 'Aggressive periodontitis', NULL, NULL),
(28, 28, 'B-', NULL, NULL, NULL, 'Wisdom teeth extraction', NULL, NULL, NULL, NULL, 0, NULL, NULL, NULL),
(29, 29, 'A-', NULL, NULL, NULL, NULL, NULL, NULL, NULL, 'Graves disease', 0, NULL, NULL, NULL),
(30, 30, 'O+', 'Penicillin', 'Fibromyalgia', 'Albuterol inhaler PRN', NULL, NULL, NULL, NULL, NULL, 0, 'Chronic periodontitis', 'Muscular dystrophy', NULL),
(31, 31, 'B+', NULL, NULL, NULL, NULL, 'Liver diseaseinduced coagulopathy', NULL, NULL, NULL, 0, NULL, NULL, NULL),
(32, 32, 'O+', NULL, 'Hypertension', 'Naproxen 250mg BID', NULL, NULL, NULL, NULL, 'Pemphigus vulgaris', 0, NULL, NULL, NULL),
(33, 33, 'A-', 'Mold', NULL, NULL, NULL, 'Platelet storage pool disorder', NULL, NULL, NULL, 0, NULL, 'Thalassemia', NULL),
(34, 34, 'B+', NULL, NULL, NULL, 'Mastectomy', 'Alpha-2-antiplasmin deficiency', NULL, NULL, NULL, 0, 'Advanced periodontitis', NULL, NULL),
(35, 35, 'B+', 'Peanuts', 'Migraines', 'Hydrochlorothiazide 25mg daily', NULL, 'Glanzmanns thrombasthenia', NULL, NULL, NULL, 0, NULL, NULL, NULL),
(36, 36, 'A-', 'Bee stings', 'COPD', 'Atorvastatin 10mg daily, Naproxen 250mg BID, Omeprazole 20mg daily', NULL, 'Hemophilia B', NULL, NULL, 'Addisons disease', 0, NULL, NULL, 'Family history of oral cancer'),
(37, 37, 'AB-', 'Soy', NULL, NULL, NULL, 'Hypoprothrombinemia', NULL, NULL, NULL, 0, NULL, NULL, 'Chronic ulcer under tongue'),
(38, 38, 'AB+', NULL, NULL, NULL, NULL, NULL, NULL, NULL, NULL, 1, NULL, NULL, NULL),
(39, 39, 'O+', NULL, 'Depression', 'Hydrochlorothiazide 25mg daily, Amoxicillin 500mg TID, Metformin 500mg BID, Metoprolol 50mg BID', 'Prostate surgery', NULL, NULL, 'Mild asthma', NULL, 0, NULL, NULL, NULL),
(40, 40, 'A-', NULL, 'Kidney disease', 'Cetirizine 10mg daily, Montelukast 10mg nightly, Clonazepam 0.5mg PRN', NULL, NULL, NULL, NULL, 'Multiple sclerosis', 0, NULL, NULL, NULL),
(41, 41, 'A+', NULL, 'Sleep apnea', 'Amlodipine 5mg daily, Hydrochlorothiazide 25mg daily, Montelukast 10mg nightly, Naproxen 250mg BID', NULL, NULL, NULL, NULL, NULL, 0, 'Gum abscess', NULL, NULL),
(42, 42, 'B-', NULL, NULL, NULL, NULL, NULL, NULL, NULL, NULL, 1, NULL, NULL, NULL),
(43, 43, 'A+', 'Gluten', NULL, NULL, NULL, NULL, NULL, NULL, NULL, 0, 'Necrotizing periodontal disease', NULL, NULL),
(44, 44, 'O-', NULL, NULL, NULL, NULL, NULL, NULL, 'Sleep apnea', 'Psoriasis', 0, NULL, NULL, NULL),
(45, 45, 'O-', NULL, 'Epilepsy', 'Sumatriptan PRN, Albuterol inhaler PRN, Metformin 500mg BID, Gabapentin 300mg TID', NULL, NULL, NULL, 'Cystic fibrosis', 'Autoimmune uveitis', 0, NULL, NULL, 'Hoarseness with lesion'),
(46, 46, 'A-', NULL, 'IBS', 'Hydrochlorothiazide 25mg daily, Prednisone taper, Montelukast 10mg nightly, Lisinopril 10mg daily, Sertraline 50mg daily', NULL, NULL, NULL, NULL, NULL, 0, NULL, 'Muscular dystrophy', NULL),
(47, 47, 'A-', 'Penicillin', NULL, NULL, NULL, 'Alpha-2-antiplasmin deficiency', NULL, NULL, 'Psoriasis', 0, NULL, 'Asthma (familial)', NULL),
(48, 48, 'B-', NULL, NULL, NULL, NULL, NULL, 'High cholesterol', NULL, NULL, 0, NULL, 'Asthma (familial)', NULL),
(49, 49, 'O+', NULL, NULL, NULL, NULL, NULL, NULL, 'Reactive airway disease', 'Multiple sclerosis', 0, NULL, NULL, NULL),
(50, 50, 'AB+', NULL, 'Epilepsy', 'Albuterol inhaler PRN, Clonazepam 0.5mg PRN', NULL, NULL, NULL, NULL, NULL, 1, 'Severe gum recession', NULL, NULL);

-- --------------------------------------------------------

--
-- Table structure for table `occupation`
--

CREATE TABLE `occupation` (
  `occupation_id` int(11) NOT NULL,
  `name` varchar(50) NOT NULL,
  `description` varchar(255) NOT NULL
) ENGINE=InnoDB DEFAULT CHARSET=utf8mb4 COLLATE=utf8mb4_general_ci;

--
-- Dumping data for table `occupation`
--

INSERT INTO `occupation` (`occupation_id`, `name`, `description`) VALUES
(1, 'Dentist', 'Primary dental care provider who diagnoses and treats oral health issues'),
(2, 'Dental Hygienist', 'Provides teeth cleaning and preventive oral care'),
(3, 'Orthodontist', 'Specializes in braces and teeth alignment correction'),
(4, 'Oral Surgeon', 'Performs tooth extractions and complex jaw surgeries'),
(5, 'Dental Assistant', 'Assists dentists during procedures and prepares equipment'),
(6, 'Dental Lab Technician', 'Creates crowns, dentures, and other prosthetics'),
(7, 'Sterilization Technician', 'Ensures all instruments are properly sanitized'),
(8, 'Receptionist', 'Manages front desk, appointments, and patient check-in'),
(9, 'Billing Specialist', 'Handles insurance claims and payment processing'),
(10, 'Office Manager', 'Oversees clinic operations and staff scheduling'),
(11, 'Marketing Coordinator', 'Manages clinic promotions and online presence'),
(12, 'Nurse', 'Provides general medical support in clinic operations'),
(13, 'Medical Records Clerk', 'Maintains and organizes patient health records'),
(14, 'Janitorial Staff', 'Ensures cleanliness and sanitation of clinic facilities'),
(15, 'Maintenance Technician', 'Handles equipment repairs and facility upkeep'),
(16, 'IT Support Specialist', 'Manages clinic software and computer systems'),
(17, 'Data Entry Clerk', 'Inputs and updates patient information in databases'),
(18, 'Nutritionist', 'Provides dietary advice for oral health'),
(19, 'Counselor', 'Offers patient support for dental anxiety management'),
(20, 'Human Resources Manager', 'Handles staff recruitment and employee relations'),
(21, 'Accountant', 'Manages clinic finances and bookkeeping');

-- --------------------------------------------------------

--
-- Table structure for table `patient`
--

CREATE TABLE `patient` (
  `patient_id` int(11) NOT NULL,
  `first_name` varchar(25) NOT NULL,
  `middle_name` varchar(25) DEFAULT NULL,
  `last_name` varchar(25) NOT NULL,
  `gender` enum('male','female','other') NOT NULL,
  `contact_no` varchar(20) NOT NULL,
  `date_of_birth` date NOT NULL,
  `age` int(11) NOT NULL,
  `religion` varchar(50) NOT NULL,
  `nationality` varchar(50) NOT NULL,
  `occupation` varchar(45) DEFAULT NULL,
  `guardian_name` varchar(50) DEFAULT NULL,
  `guardian_occupation` varchar(45) DEFAULT NULL,
  `street` varchar(50) DEFAULT NULL,
  `province` varchar(50) NOT NULL,
  `municipality` varchar(45) NOT NULL,
  `barangay` varchar(45) NOT NULL,
  `zip_code` int(11) NOT NULL,
  `created_at` timestamp NOT NULL DEFAULT current_timestamp(),
  `civil_status` enum('single','married','divorced','widower/widowed') NOT NULL
) ENGINE=InnoDB DEFAULT CHARSET=utf8mb4 COLLATE=utf8mb4_general_ci;

--
-- Dumping data for table `patient`
--

INSERT INTO `patient` (`patient_id`, `first_name`, `middle_name`, `last_name`, `gender`, `contact_no`, `date_of_birth`, `age`, `religion`, `nationality`, `occupation`, `guardian_name`, `guardian_occupation`, `street`, `province`, `municipality`, `barangay`, `zip_code`, `created_at`, `civil_status`) VALUES
(1, 'Carlos', 'Zamora', 'Ward', 'male', '+14273552583', '2003-11-20', 21, 'christian', 'filipino', NULL, NULL, NULL, NULL, 'camarinesSur', 'siruma', 'barangay 5', 4523, '2025-05-02 13:35:49', 'single'),
(2, 'Anastacio', 'San Jose', 'Lim', 'male', '+18492103038', '1943-08-13', 81, 'christian', 'filipino', 'teacher', NULL, NULL, NULL, 'sorsogon', 'juban', 'barangay 11', 4613, '2025-05-02 13:35:49', 'single'),
(3, 'Rodolfo', NULL, 'Morgan', 'male', '+18259999179', '1947-05-17', 77, 'christian', 'filipino', 'chef', NULL, NULL, NULL, 'masbate', 'baleno', 'barangay 8', 4432, '2025-05-02 13:35:49', 'single'),
(4, 'Matilde', 'Lazaro', 'David', 'female', '+19717240320', '2001-12-26', 23, 'christian', 'filipino', 'nurse', NULL, NULL, 'Suite 627', 'sorsogon', 'bulan', 'barangay 4', 4635, '2025-05-02 13:35:49', 'single'),
(5, 'Leonor', 'Buenaventura', 'Escobar', 'female', '+16079402519', '1955-02-21', 70, 'christian', 'filipino', 'scientist', NULL, NULL, NULL, 'camarinesSur', 'pasacao', 'barangay 13', 4697, '2025-05-02 13:35:49', 'married'),
(6, 'Eduardo', 'Garibay', 'Xerez-Burgos', 'male', '+17653195160', '1993-06-04', 31, 'christian', 'filipino', 'farmer', NULL, NULL, NULL, 'albay', 'camalig', 'barangay 13', 4660, '2025-05-02 13:35:49', 'single'),
(7, 'Juan', 'Lazaro', 'Panganiban', 'male', '+17557961062', '1983-01-19', 42, 'christian', 'filipino', 'farmer', NULL, NULL, 'Suite 943', 'sorsogon', 'santa magdalena', 'barangay 2', 4401, '2025-05-02 13:35:49', 'single'),
(8, 'Rosalinda', NULL, 'Dela Cruz', 'female', '+19697684388', '2014-12-14', 10, 'christian', 'filipino', NULL, 'Antonio Lagman Dela Cruz', 'plumber', NULL, 'camarinesNorte', 'jose panganiban', 'barangay 15', 4497, '2025-05-02 13:35:49', 'single'),
(9, 'Julian', 'Ortega', 'Mabini', 'male', '+16475806095', '2015-09-21', 9, 'christian', 'filipino', NULL, 'Manolo Nierva Mabini', 'farmer', 'Apt. 363', 'masbate', 'batuan', 'barangay 8', 4410, '2025-05-02 13:35:49', 'single'),
(10, 'Geronimo', 'Santos', 'Paredes', 'male', '+14096410876', '2013-12-06', 11, 'christian', 'filipino', NULL, 'Teresa Gutierrez Paredes', 'engineer', 'Suite 257', 'albay', 'guinobatan', 'barangay 10', 4670, '2025-05-02 13:35:49', 'single'),
(11, 'Luisito', 'Santos', 'Santiago', 'male', '+12858176458', '2002-11-01', 22, 'christian', 'filipino', NULL, NULL, NULL, 'Suite 717', 'albay', 'libon', 'barangay 9', 4617, '2025-05-02 13:35:49', 'single'),
(12, 'Pascual', NULL, 'Silva', 'male', '+12744213316', '1974-06-23', 50, 'christian', 'filipino', 'artist', NULL, NULL, 'Apt. 555', 'albay', 'sto. domingo', 'barangay 12', 4433, '2025-05-02 13:35:49', 'married'),
(13, 'Evelyn', 'Ocampo', 'Cooper', 'female', '+16426687355', '1976-12-10', 48, 'christian', 'filipino', 'teacher', NULL, NULL, 'Apt. 244', 'camarinesSur', 'magarao', 'barangay 11', 4468, '2025-05-02 13:35:49', 'divorced'),
(14, 'Alicia', NULL, 'Garcia', 'female', '+18673711693', '1950-05-28', 74, 'christian', 'filipino', 'artist', NULL, NULL, NULL, 'masbate', 'uason', 'barangay 11', 4446, '2025-05-02 13:35:49', 'single'),
(15, 'Dolores', NULL, 'Delos Santos', 'female', '+13198974172', '1954-12-30', 70, 'christian', 'filipino', 'teacher', NULL, NULL, NULL, 'catanduanes', 'san andres', 'barangay 1', 4647, '2025-05-02 13:35:49', 'widower/widowed'),
(16, 'Ricardo', NULL, 'Esquivel', 'male', '+19138214516', '2004-09-13', 20, 'christian', 'filipino', NULL, NULL, NULL, NULL, 'albay', 'malinao', 'barangay 4', 4448, '2025-05-02 13:35:49', 'single'),
(17, 'Emelita', NULL, 'Rodriguez', 'female', '+16767317818', '1946-01-13', 79, 'christian', 'filipino', 'artist', NULL, NULL, 'Suite 522', 'camarinesNorte', 'vinzons', 'barangay 5', 4551, '2025-05-02 13:35:49', 'widower/widowed'),
(18, 'Mercedes', 'Joven', 'Co', 'female', '+15565287022', '1991-09-28', 33, 'christian', 'filipino', 'plumber', NULL, NULL, NULL, 'camarinesNorte', 'paracale', 'barangay 11', 4432, '2025-05-02 13:35:49', 'divorced'),
(19, 'Melania', NULL, 'Francisco', 'female', '+13559813844', '1938-09-26', 86, 'christian', 'filipino', 'artist', NULL, NULL, 'Apt. 998', 'albay', 'rapu-rapu', 'barangay 9', 4424, '2025-05-02 13:35:49', 'married'),
(20, 'Lorna', NULL, 'Smith', 'female', '+15152733820', '1969-12-05', 55, 'christian', 'filipino', 'lawyer', NULL, NULL, NULL, 'albay', 'sto. domingo', 'barangay 13', 4471, '2025-05-02 13:35:49', 'married'),
(21, 'Elena', NULL, 'Silva', 'female', '+15683493992', '2020-04-03', 5, 'christian', 'filipino', NULL, 'Fely Yambao Silva', 'farmer', NULL, 'camarinesNorte', 'mercedes', 'barangay 10', 4441, '2025-05-02 13:35:49', 'single'),
(22, 'Alfonso', 'Kasilag', 'Olivares', 'male', '+18779460251', '1981-02-15', 44, 'christian', 'filipino', 'journalist', NULL, NULL, NULL, 'sorsogon', 'gubat', 'barangay 4', 4527, '2025-05-02 13:35:49', 'single'),
(23, 'Ricardo', 'Unson', 'Galvez', 'male', '+15932415902', '1943-01-13', 82, 'christian', 'filipino', 'mechanic', NULL, NULL, NULL, 'camarinesNorte', 'san vicente', 'barangay 14', 4435, '2025-05-02 13:35:49', 'divorced'),
(24, 'Elena', NULL, 'Murphy', 'female', '+16227848018', '1938-11-16', 86, 'christian', 'filipino', 'mechanic', NULL, NULL, 'Apt. 850', 'masbate', 'san pascual', 'barangay 4', 4574, '2025-05-02 13:35:49', 'single'),
(25, 'Rosalia', NULL, 'Evans', 'female', '+15473352296', '1980-11-26', 44, 'christian', 'filipino', 'journalist', NULL, NULL, 'Apt. 945', 'albay', 'camalig', 'barangay 11', 4565, '2025-05-02 13:35:49', 'married'),
(26, 'Fely', 'Silva', 'Magsaysay', 'female', '+16205546534', '1939-02-04', 86, 'christian', 'filipino', 'architect', NULL, NULL, NULL, 'catanduanes', 'bato', 'barangay 6', 4531, '2025-05-02 13:35:49', 'divorced'),
(27, 'Teodoro', 'Cruz', 'Ong', 'male', '+16523868649', '2019-06-14', 5, 'christian', 'filipino', NULL, 'Lazaro Galang Ong', 'architect', NULL, 'camarinesSur', 'lupi', 'barangay 14', 4581, '2025-05-02 13:35:49', 'single'),
(28, 'Aurora', NULL, 'Valencia', 'female', '+13324718766', '1945-07-24', 79, 'christian', 'filipino', 'chef', NULL, NULL, NULL, 'camarinesSur', 'garchitorena', 'barangay 3', 4459, '2025-05-02 13:35:49', 'single'),
(29, 'Elena', NULL, 'Ward', 'female', '+17523415176', '1977-10-19', 47, 'christian', 'filipino', 'mechanic', NULL, NULL, 'Suite 458', 'camarinesNorte', 'paracale', 'barangay 13', 4616, '2025-05-02 13:35:49', 'widower/widowed'),
(30, 'Cecilia', NULL, 'Garcia', 'female', '+17374960017', '1951-01-13', 74, 'christian', 'filipino', 'nurse', NULL, NULL, NULL, 'albay', 'sto. domingo', 'barangay 15', 4530, '2025-05-02 13:35:49', 'divorced'),
(31, 'Beatriz', 'Bustamante', 'Santiago', 'female', '+18933847804', '1981-06-16', 43, 'christian', 'filipino', 'scientist', NULL, NULL, NULL, 'masbate', 'pio v. corpuz', 'barangay 2', 4696, '2025-05-02 13:35:49', 'divorced'),
(32, 'Carlos', NULL, 'Domingo', 'male', '+19696611813', '1967-02-28', 58, 'christian', 'filipino', 'scientist', NULL, NULL, 'Suite 864', 'camarinesNorte', 'vinzons', 'barangay 14', 4583, '2025-05-02 13:35:49', 'widower/widowed'),
(33, 'Horacio', NULL, 'Cook', 'male', '+17334158089', '2009-01-12', 16, 'christian', 'filipino', NULL, 'Miriam Bernardo Cook', 'developer', NULL, 'catanduanes', 'caramoran', 'barangay 7', 4693, '2025-05-02 13:35:49', 'single'),
(34, 'Eusebio', NULL, 'Manalo', 'male', '+14516109857', '2006-06-20', 18, 'christian', 'filipino', NULL, NULL, NULL, 'Suite 601', 'camarinesSur', 'siruma', 'barangay 13', 4506, '2025-05-02 13:35:49', 'single'),
(35, 'Melania', 'Yulo', 'Phillips', 'female', '+18145679130', '1949-10-29', 75, 'christian', 'filipino', 'scientist', NULL, NULL, NULL, 'catanduanes', 'virac', 'barangay 15', 4664, '2025-05-02 13:35:49', 'married'),
(36, 'Cecilia', 'Kintanar', 'Flores', 'female', '+13668002700', '1955-02-07', 70, 'christian', 'filipino', 'chef', NULL, NULL, NULL, 'catanduanes', 'panganiban', 'barangay 5', 4689, '2025-05-02 13:35:49', 'divorced'),
(37, 'Carlos', NULL, 'Young', 'male', '+18688396312', '1966-01-14', 59, 'christian', 'filipino', 'developer', NULL, NULL, NULL, 'sorsogon', 'barcelona', 'barangay 9', 4620, '2025-05-02 13:35:49', 'married'),
(38, 'Rodolfo', NULL, 'Richardson', 'male', '+14448865907', '1973-04-27', 52, 'christian', 'filipino', 'journalist', NULL, NULL, NULL, 'sorsogon', 'bulusan', 'barangay 14', 4692, '2025-05-02 13:35:49', 'single'),
(39, 'Zosimo', NULL, 'Buenaventura', 'male', '+18549529941', '1996-06-09', 28, 'christian', 'filipino', 'scientist', NULL, NULL, 'Apt. 202', 'masbate', 'batuan', 'barangay 4', 4678, '2025-05-02 13:35:49', 'single'),
(40, 'Carmen', 'Isidro', 'Cruz', 'female', '+12214829308', '2018-02-17', 7, 'christian', 'filipino', NULL, 'Antonia Bautista Cruz', 'mechanic', NULL, 'sorsogon', 'donsol', 'barangay 11', 4558, '2025-05-02 13:35:49', 'single'),
(41, 'Adela', 'Aguinaldo', 'Scott', 'female', '+12402451905', '2008-07-25', 16, 'christian', 'filipino', NULL, 'Jovita Revilla Scott', 'teacher', NULL, 'masbate', 'batuan', 'barangay 1', 4650, '2025-05-02 13:35:49', 'single'),
(42, 'Nicanor', 'Carpio', 'Caballero', 'male', '+17947887517', '2013-09-03', 11, 'christian', 'filipino', NULL, 'Victor Roque Caballero', 'scientist', 'Suite 935', 'camarinesSur', 'lupi', 'barangay 10', 4417, '2025-05-02 13:35:49', 'single'),
(43, 'Benjamin', 'Hilario', 'Rogers', 'male', '+12213820416', '1968-02-06', 57, 'christian', 'filipino', 'developer', NULL, NULL, NULL, 'camarinesNorte', 'jose panganiban', 'barangay 7', 4664, '2025-05-02 13:35:49', 'single'),
(44, 'Eduardo', 'Velasco', 'Aquino', 'male', '+15616201015', '1980-03-03', 45, 'christian', 'filipino', 'nurse', NULL, NULL, NULL, 'albay', 'oanob', 'barangay 11', 4544, '2025-05-02 13:35:49', 'widower/widowed'),
(45, 'Augusto', NULL, 'Allen', 'male', '+14244965637', '1995-08-24', 29, 'christian', 'filipino', 'lawyer', NULL, NULL, NULL, 'masbate', 'san jacinto', 'barangay 13', 4590, '2025-05-02 13:35:49', 'single'),
(46, 'Eugenio', 'Pilar', 'Anderson', 'male', '+19255656239', '1950-03-15', 75, 'christian', 'filipino', 'engineer', NULL, NULL, NULL, 'sorsogon', 'prieto diaz', 'barangay 9', 4584, '2025-05-02 13:35:49', 'single'),
(47, 'Carlos', 'Lagman', 'Estrella', 'male', '+17047755358', '1988-11-01', 36, 'christian', 'filipino', 'chef', NULL, NULL, NULL, 'masbate', 'esperanza', 'barangay 14', 4632, '2025-05-02 13:35:49', 'widower/widowed'),
(48, 'Raquel', 'Mendoza', 'Fontanilla', 'female', '+19392347232', '2002-11-13', 22, 'christian', 'filipino', NULL, NULL, NULL, NULL, 'sorsogon', 'bulusan', 'barangay 6', 4690, '2025-05-02 13:35:49', 'single'),
(49, 'Fabiola', 'Llamas', 'Hill', 'female', '+13259119459', '1945-05-25', 79, 'christian', 'filipino', 'farmer', NULL, NULL, NULL, 'masbate', 'baleno', 'barangay 14', 4407, '2025-05-02 13:35:49', 'widower/widowed'),
(50, 'Eugenia', 'Ysip', 'Edwards', 'female', '+17277987314', '1995-11-02', 29, 'christian', 'filipino', 'chef', NULL, NULL, NULL, 'catanduanes', 'baras', 'barangay 3', 4467, '2025-05-02 13:35:49', 'single');

-- --------------------------------------------------------

--
-- Table structure for table `payment`
--

CREATE TABLE `payment` (
  `payment_id` int(11) NOT NULL,
  `appointment_id` int(11) NOT NULL,
  `amount` decimal(10,2) NOT NULL,
  `is_paid` tinyint(1) NOT NULL,
  `created_at` timestamp NOT NULL DEFAULT current_timestamp()
) ENGINE=InnoDB DEFAULT CHARSET=utf8mb4 COLLATE=utf8mb4_general_ci;

--
-- Dumping data for table `payment`
--

INSERT INTO `payment` (`payment_id`, `appointment_id`, `amount`, `is_paid`, `created_at`) VALUES
(1, 1, 2000.00, 0, '2025-05-02 16:22:44'),
(2, 2, 20000.00, 0, '2025-05-02 16:22:44'),
(3, 3, 21500.00, 0, '2025-05-02 16:22:44'),
(4, 4, 8000.00, 0, '2025-05-02 16:22:44'),
(5, 5, 8000.00, 0, '2025-05-02 16:22:44'),
(6, 6, 2500.00, 1, '2025-05-02 16:22:44'),
(7, 7, 8000.00, 0, '2025-05-02 16:22:44'),
(8, 8, 14800.00, 1, '2025-05-02 16:22:44'),
(9, 9, 60800.00, 1, '2025-05-02 16:22:44'),
(10, 10, 3500.00, 1, '2025-05-02 16:22:44'),
(11, 11, 60000.00, 1, '2025-05-02 16:22:44'),
(12, 12, 6000.00, 1, '2025-05-02 16:22:44'),
(13, 13, 26000.00, 1, '2025-05-02 16:22:44'),
(14, 14, 21000.00, 1, '2025-05-02 16:22:44'),
(15, 15, 120700.00, 1, '2025-05-02 16:22:44'),
(16, 16, 1000.00, 1, '2025-05-02 16:22:44'),
(17, 17, 14500.00, 1, '2025-05-02 16:22:44'),
(18, 18, 1500.00, 1, '2025-05-02 16:22:44'),
(19, 19, 26000.00, 1, '2025-05-02 16:22:44'),
(20, 20, 700.00, 1, '2025-05-02 16:22:44'),
(21, 21, 2000.00, 1, '2025-05-02 16:22:44'),
(22, 22, 45000.00, 1, '2025-05-02 16:22:44'),
(23, 23, 1000.00, 1, '2025-05-02 16:22:44'),
(24, 24, 123000.00, 1, '2025-05-02 16:22:44'),
(25, 25, 26000.00, 1, '2025-05-02 16:22:44'),
(26, 26, 1500.00, 1, '2025-05-02 16:22:44'),
(27, 27, 600.00, 1, '2025-05-02 16:22:44'),
(28, 28, 800.00, 1, '2025-05-02 16:22:44'),
(29, 29, 16000.00, 1, '2025-05-02 16:22:44'),
(30, 30, 10500.00, 1, '2025-05-02 16:22:44'),
(31, 31, 4100.00, 1, '2025-05-02 16:22:44'),
(32, 32, 600.00, 1, '2025-05-02 16:22:44'),
(33, 33, 42000.00, 1, '2025-05-02 16:22:44'),
(34, 34, 16000.00, 1, '2025-05-02 16:22:44'),
(35, 35, 2500.00, 1, '2025-05-02 16:22:44'),
(36, 36, 1500.00, 1, '2025-05-02 16:22:44'),
(37, 37, 10000.00, 1, '2025-05-02 16:22:44'),
(38, 38, 61000.00, 1, '2025-05-02 16:22:44'),
(39, 39, 37000.00, 1, '2025-05-02 16:22:44'),
(40, 40, 12000.00, 1, '2025-05-02 16:22:44'),
(41, 41, 16000.00, 1, '2025-05-02 16:22:44'),
(42, 42, 1500.00, 1, '2025-05-02 16:22:44'),
(43, 43, 20700.00, 1, '2025-05-02 16:22:44'),
(44, 44, 123000.00, 1, '2025-05-02 16:22:44'),
(45, 45, 16500.00, 1, '2025-05-02 16:22:44'),
(46, 46, 20000.00, 1, '2025-05-02 16:22:44'),
(47, 47, 56800.00, 1, '2025-05-02 16:22:44'),
(48, 48, 13000.00, 1, '2025-05-02 16:22:44'),
(49, 49, 65000.00, 1, '2025-05-02 16:22:44'),
(50, 50, 2000.00, 1, '2025-05-02 16:22:44'),
(51, 51, 25000.00, 1, '2025-05-02 16:22:44'),
(52, 52, 31000.00, 1, '2025-05-02 16:22:44'),
(53, 53, 7000.00, 1, '2025-05-02 16:22:44'),
(54, 54, 47000.00, 1, '2025-05-02 16:22:44'),
(55, 55, 22500.00, 1, '2025-05-02 16:22:44'),
(56, 56, 21000.00, 1, '2025-05-02 16:22:44'),
(57, 57, 7000.00, 1, '2025-05-02 16:22:44'),
(58, 58, 1000.00, 1, '2025-05-02 16:22:44'),
(59, 59, 6000.00, 1, '2025-05-02 16:22:44'),
(60, 60, 20800.00, 1, '2025-05-02 16:22:44'),
(61, 61, 108000.00, 1, '2025-05-02 16:22:44'),
(62, 62, 70000.00, 1, '2025-05-02 16:22:44'),
(63, 63, 8000.00, 1, '2025-05-02 16:22:44'),
(64, 64, 6500.00, 1, '2025-05-02 16:22:44'),
(65, 65, 60000.00, 1, '2025-05-02 16:22:44'),
(66, 66, 500.00, 1, '2025-05-02 16:22:44'),
(67, 67, 10000.00, 1, '2025-05-02 16:22:44'),
(68, 68, 139000.00, 1, '2025-05-02 16:22:44'),
(69, 69, 52000.00, 1, '2025-05-02 16:22:44'),
(70, 70, 62200.00, 1, '2025-05-02 16:22:44'),
(71, 71, 104800.00, 1, '2025-05-02 16:22:44'),
(72, 72, 1000.00, 1, '2025-05-02 16:22:44'),
(73, 73, 65800.00, 1, '2025-05-02 16:22:44'),
(74, 74, 8000.00, 1, '2025-05-02 16:22:44'),
(75, 75, 10300.00, 1, '2025-05-02 16:22:44'),
(76, 76, 45000.00, 1, '2025-05-02 16:22:44'),
(77, 77, 2000.00, 1, '2025-05-02 16:22:44'),
(78, 78, 4500.00, 1, '2025-05-02 16:22:44'),
(79, 79, 2600.00, 1, '2025-05-02 16:22:44'),
(80, 80, 24500.00, 1, '2025-05-02 16:22:44'),
(81, 81, 64000.00, 1, '2025-05-02 16:22:44'),
(82, 82, 83000.00, 1, '2025-05-02 16:22:44'),
(83, 83, 16000.00, 1, '2025-05-02 16:22:44'),
(84, 84, 30000.00, 1, '2025-05-02 16:22:44'),
(85, 85, 2000.00, 1, '2025-05-02 16:22:44'),
(86, 86, 21500.00, 1, '2025-05-02 16:22:44'),
(87, 87, 50000.00, 1, '2025-05-02 16:22:44'),
(88, 88, 10000.00, 1, '2025-05-02 16:22:44'),
(89, 89, 60800.00, 1, '2025-05-02 16:22:44'),
(90, 90, 38800.00, 1, '2025-05-02 16:22:44'),
(91, 91, 89500.00, 1, '2025-05-02 16:22:44'),
(92, 92, 4000.00, 1, '2025-05-02 16:22:44'),
(93, 93, 4000.00, 1, '2025-05-02 16:22:44'),
(94, 94, 16500.00, 1, '2025-05-02 16:22:44'),
(95, 95, 39000.00, 1, '2025-05-02 16:22:44'),
(96, 96, 8500.00, 1, '2025-05-02 16:22:44'),
(97, 97, 4000.00, 1, '2025-05-02 16:22:44'),
(98, 98, 8800.00, 1, '2025-05-02 16:22:44'),
(99, 99, 20000.00, 1, '2025-05-02 16:22:44'),
(100, 100, 25700.00, 1, '2025-05-02 16:22:44'),
(101, 101, 29000.00, 1, '2025-05-02 16:22:44'),
(102, 102, 9000.00, 1, '2025-05-02 16:22:44'),
(103, 103, 21500.00, 1, '2025-05-02 16:22:44'),
(104, 104, 24000.00, 1, '2025-05-02 16:22:44'),
(105, 105, 2000.00, 1, '2025-05-02 16:22:44'),
(106, 106, 17000.00, 1, '2025-05-02 16:22:44'),
(107, 107, 800.00, 1, '2025-05-02 16:22:44'),
(108, 108, 3000.00, 1, '2025-05-02 16:22:44'),
(109, 109, 5000.00, 1, '2025-05-02 16:22:44'),
(110, 110, 13000.00, 1, '2025-05-02 16:22:44'),
(111, 111, 8000.00, 1, '2025-05-02 16:22:44'),
(112, 112, 500.00, 1, '2025-05-02 16:22:44'),
(113, 113, 11000.00, 1, '2025-05-02 16:22:44'),
(114, 114, 98500.00, 0, '2025-05-02 16:22:44'),
(115, 115, 42500.00, 1, '2025-05-02 16:22:44'),
(116, 116, 56500.00, 1, '2025-05-02 16:22:44'),
(117, 117, 2000.00, 1, '2025-05-02 16:22:44'),
(118, 118, 500.00, 1, '2025-05-02 16:22:44'),
(119, 119, 1000.00, 1, '2025-05-02 16:22:44'),
(120, 120, 1000.00, 1, '2025-05-02 16:22:44'),
(121, 121, 18000.00, 1, '2025-05-02 16:22:44'),
(122, 122, 20000.00, 1, '2025-05-02 16:22:44'),
(123, 123, 16800.00, 1, '2025-05-02 16:22:44'),
(124, 124, 3000.00, 1, '2025-05-02 16:22:44'),
(125, 125, 6000.00, 1, '2025-05-02 16:22:44'),
(126, 126, 500.00, 1, '2025-05-02 16:22:44'),
(127, 127, 42000.00, 1, '2025-05-02 16:22:44'),
(128, 128, 89000.00, 1, '2025-05-02 16:22:44'),
(129, 129, 5000.00, 1, '2025-05-02 16:22:44'),
(130, 130, 10500.00, 1, '2025-05-02 16:22:44'),
(131, 131, 45500.00, 1, '2025-05-02 16:22:44'),
(132, 132, 1000.00, 1, '2025-05-02 16:22:44'),
(133, 133, 9500.00, 1, '2025-05-02 16:22:44'),
(134, 134, 15000.00, 1, '2025-05-02 16:22:44'),
(135, 135, 70600.00, 1, '2025-05-02 16:22:44'),
(136, 136, 6000.00, 1, '2025-05-02 16:22:44'),
(137, 137, 18000.00, 1, '2025-05-02 16:22:44'),
(138, 138, 4500.00, 1, '2025-05-02 16:22:44'),
(139, 139, 28700.00, 1, '2025-05-02 16:22:44'),
(140, 140, 20800.00, 1, '2025-05-02 16:22:44'),
(141, 141, 16000.00, 1, '2025-05-02 16:22:44'),
(142, 142, 500.00, 1, '2025-05-02 16:22:44'),
(143, 143, 1000.00, 1, '2025-05-02 16:22:44'),
(144, 144, 8000.00, 1, '2025-05-02 16:22:44'),
(145, 145, 18000.00, 1, '2025-05-02 16:22:44'),
(146, 146, 60000.00, 1, '2025-05-02 16:22:44'),
(147, 147, 13000.00, 1, '2025-05-02 16:22:44'),
(148, 148, 5600.00, 1, '2025-05-02 16:22:44'),
(149, 149, 1500.00, 1, '2025-05-02 16:22:44'),
(150, 150, 23600.00, 1, '2025-05-02 16:22:44'),
(151, 151, 10000.00, 1, '2025-05-02 16:22:44'),
(152, 152, 20000.00, 1, '2025-05-02 16:22:44'),
(153, 153, 22000.00, 1, '2025-05-02 16:22:44'),
(154, 154, 61000.00, 1, '2025-05-02 16:22:44'),
(155, 155, 4500.00, 1, '2025-05-02 16:22:44'),
(156, 156, 11000.00, 1, '2025-05-02 16:22:44'),
(157, 157, 82500.00, 1, '2025-05-02 16:22:44'),
(158, 158, 61000.00, 1, '2025-05-02 16:22:44'),
(159, 159, 18000.00, 1, '2025-05-02 16:22:44'),
(160, 160, 92000.00, 1, '2025-05-02 16:22:44'),
(161, 161, 29000.00, 1, '2025-05-02 16:22:44'),
(162, 162, 6000.00, 1, '2025-05-02 16:22:44'),
(163, 163, 9500.00, 1, '2025-05-02 16:22:44'),
(164, 164, 20000.00, 1, '2025-05-02 16:22:44'),
(165, 165, 16000.00, 1, '2025-05-02 16:22:44'),
(166, 166, 8700.00, 1, '2025-05-02 16:22:44'),
(167, 167, 3000.00, 1, '2025-05-02 16:22:44'),
(168, 168, 2000.00, 1, '2025-05-02 16:22:44'),
(169, 169, 25000.00, 1, '2025-05-02 16:22:44'),
(170, 170, 21600.00, 1, '2025-05-02 16:22:44'),
(171, 171, 6000.00, 1, '2025-05-02 16:22:44'),
(172, 172, 93000.00, 1, '2025-05-02 16:22:44'),
(173, 173, 800.00, 1, '2025-05-02 16:22:44'),
(174, 174, 8000.00, 1, '2025-05-02 16:22:44'),
(175, 175, 41000.00, 1, '2025-05-02 16:22:44'),
(176, 176, 800.00, 1, '2025-05-02 16:22:44'),
(177, 177, 28000.00, 1, '2025-05-02 16:22:44'),
(178, 178, 16500.00, 1, '2025-05-02 16:22:44'),
(179, 179, 1500.00, 1, '2025-05-02 16:22:44'),
(180, 180, 16000.00, 1, '2025-05-02 16:22:44'),
(181, 181, 16800.00, 1, '2025-05-02 16:22:44'),
(182, 182, 10000.00, 1, '2025-05-02 16:22:44'),
(183, 183, 1000.00, 1, '2025-05-02 16:22:44'),
(184, 184, 1500.00, 1, '2025-05-02 16:22:44'),
(185, 185, 19500.00, 1, '2025-05-02 16:22:44'),
(186, 186, 8700.00, 1, '2025-05-02 16:22:44'),
(187, 187, 5000.00, 1, '2025-05-02 16:22:44'),
(188, 188, 10200.00, 1, '2025-05-02 16:22:44'),
(189, 189, 1500.00, 1, '2025-05-02 16:22:44'),
(190, 190, 150000.00, 1, '2025-05-02 16:22:44'),
(191, 191, 3300.00, 0, '2025-05-02 16:22:44'),
(192, 192, 4500.00, 0, '2025-05-02 16:22:44'),
(193, 193, 2000.00, 0, '2025-05-02 16:22:44'),
(194, 194, 4000.00, 1, '2025-05-02 16:22:44'),
(195, 195, 27500.00, 0, '2025-05-02 16:22:44'),
(196, 196, 6800.00, 1, '2025-05-02 16:22:44'),
(197, 197, 29000.00, 1, '2025-05-02 16:22:44'),
(198, 198, 15000.00, 1, '2025-05-02 16:22:44'),
(199, 199, 48000.00, 1, '2025-05-02 16:22:44'),
(200, 200, 8700.00, 1, '2025-05-02 16:22:44'),
(201, 201, 13000.00, 1, '2025-05-02 16:22:44'),
(202, 202, 1500.00, 1, '2025-05-02 16:22:44'),
(203, 203, 46500.00, 1, '2025-05-02 16:22:44'),
(204, 204, 22500.00, 1, '2025-05-02 16:22:44'),
(205, 205, 800.00, 1, '2025-05-02 16:22:44'),
(206, 206, 15800.00, 1, '2025-05-02 16:22:44'),
(207, 207, 63000.00, 1, '2025-05-02 16:22:44'),
(208, 208, 4000.00, 1, '2025-05-02 16:22:44'),
(209, 209, 1300.00, 1, '2025-05-02 16:22:44'),
(210, 210, 66500.00, 1, '2025-05-02 16:22:44'),
(211, 211, 16000.00, 1, '2025-05-02 16:22:44'),
(212, 212, 86500.00, 1, '2025-05-02 16:22:44'),
(213, 213, 16700.00, 1, '2025-05-02 16:22:44'),
(214, 214, 13000.00, 1, '2025-05-02 16:22:44'),
(215, 215, 58500.00, 1, '2025-05-02 16:22:44'),
(216, 216, 28500.00, 1, '2025-05-02 16:22:44'),
(217, 217, 1000.00, 1, '2025-05-02 16:22:44'),
(218, 218, 12000.00, 0, '2025-05-02 16:22:44'),
(219, 219, 20000.00, 1, '2025-05-02 16:22:44'),
(220, 220, 88000.00, 1, '2025-05-02 16:22:44'),
(221, 221, 3500.00, 0, '2025-05-02 16:22:44'),
(222, 222, 21000.00, 1, '2025-05-02 16:22:44'),
(223, 223, 16300.00, 0, '2025-05-02 16:22:44'),
(224, 224, 6500.00, 0, '2025-05-02 16:22:44'),
(225, 225, 2500.00, 1, '2025-05-02 16:22:44'),
(226, 226, 25000.00, 0, '2025-05-02 16:22:44'),
(227, 227, 13000.00, 0, '2025-05-02 16:22:44'),
(228, 228, 12800.00, 0, '2025-05-02 16:22:44'),
(229, 229, 24000.00, 0, '2025-05-02 16:22:44'),
(230, 230, 1000.00, 0, '2025-05-02 16:22:44'),
(231, 231, 14000.00, 1, '2025-05-02 16:22:44'),
(232, 232, 62300.00, 0, '2025-05-02 16:22:44'),
(233, 233, 25800.00, 1, '2025-05-02 16:22:44'),
(234, 234, 88000.00, 1, '2025-05-02 16:22:44'),
(235, 235, 5000.00, 1, '2025-05-02 16:22:44'),
(236, 236, 35000.00, 1, '2025-05-02 16:22:44'),
(237, 237, 9000.00, 1, '2025-05-02 16:22:44'),
(238, 238, 500.00, 1, '2025-05-02 16:22:44'),
(239, 239, 6800.00, 1, '2025-05-02 16:22:44'),
(240, 240, 1000.00, 1, '2025-05-02 16:22:44'),
(241, 241, 33000.00, 1, '2025-05-02 16:22:44'),
(242, 242, 28000.00, 1, '2025-05-02 16:22:44'),
(243, 243, 25000.00, 1, '2025-05-02 16:22:44'),
(244, 244, 28000.00, 1, '2025-05-02 16:22:44'),
(245, 245, 97500.00, 1, '2025-05-02 16:22:44'),
(246, 246, 88600.00, 1, '2025-05-02 16:22:44'),
(247, 247, 61500.00, 1, '2025-05-02 16:22:44'),
(248, 248, 27000.00, 1, '2025-05-02 16:22:44'),
(249, 249, 11000.00, 1, '2025-05-02 16:22:44'),
(250, 250, 47500.00, 1, '2025-05-02 16:22:44'),
(251, 251, 45000.00, 1, '2025-05-02 16:22:44'),
(252, 252, 8600.00, 1, '2025-05-02 16:22:44'),
(253, 253, 5000.00, 1, '2025-05-02 16:22:44'),
(254, 254, 18500.00, 1, '2025-05-02 16:22:44'),
(255, 255, 6500.00, 1, '2025-05-02 16:22:44'),
(256, 256, 3000.00, 1, '2025-05-02 16:22:44'),
(257, 257, 25000.00, 1, '2025-05-02 16:22:44'),
(258, 258, 8000.00, 1, '2025-05-02 16:22:44'),
(259, 259, 1000.00, 1, '2025-05-02 16:22:44'),
(260, 260, 9500.00, 1, '2025-05-02 16:22:44'),
(261, 261, 3500.00, 1, '2025-05-02 16:22:44'),
(262, 262, 5000.00, 1, '2025-05-02 16:22:44'),
(263, 263, 47500.00, 1, '2025-05-02 16:22:44'),
(264, 264, 3000.00, 1, '2025-05-02 16:22:44'),
(265, 265, 8000.00, 1, '2025-05-02 16:22:44'),
(266, 266, 15000.00, 1, '2025-05-02 16:22:44'),
(267, 267, 20000.00, 1, '2025-05-02 16:22:44'),
(268, 268, 10000.00, 1, '2025-05-02 16:22:44'),
(269, 269, 69500.00, 1, '2025-05-02 16:22:44'),
(270, 270, 8000.00, 1, '2025-05-02 16:22:44'),
(271, 271, 16500.00, 1, '2025-05-02 16:22:44'),
(272, 272, 27000.00, 1, '2025-05-02 16:22:44'),
(273, 273, 10000.00, 1, '2025-05-02 16:22:44'),
(274, 274, 10800.00, 1, '2025-05-02 16:22:44'),
(275, 275, 10000.00, 1, '2025-05-02 16:22:44'),
(276, 276, 13000.00, 1, '2025-05-02 16:22:44'),
(277, 277, 29000.00, 1, '2025-05-02 16:22:44'),
(278, 278, 43000.00, 1, '2025-05-02 16:22:44'),
(279, 279, 12000.00, 1, '2025-05-02 16:22:44'),
(280, 280, 2000.00, 1, '2025-05-02 16:22:44'),
(281, 281, 51000.00, 1, '2025-05-02 16:22:44'),
(282, 282, 4000.00, 1, '2025-05-02 16:22:44'),
(283, 283, 5800.00, 1, '2025-05-02 16:22:44'),
(284, 284, 64000.00, 1, '2025-05-02 16:22:44'),
(285, 285, 20000.00, 0, '2025-05-02 16:22:44'),
(286, 286, 800.00, 0, '2025-05-02 16:22:44'),
(287, 287, 39000.00, 1, '2025-05-02 16:22:44'),
(288, 288, 4000.00, 0, '2025-05-02 16:22:44'),
(289, 289, 4500.00, 1, '2025-05-02 16:22:44'),
(290, 290, 19000.00, 1, '2025-05-02 16:22:44'),
(291, 291, 7500.00, 1, '2025-05-02 16:22:44'),
(292, 292, 25000.00, 1, '2025-05-02 16:22:44'),
(293, 293, 31500.00, 1, '2025-05-02 16:22:44'),
(294, 294, 3000.00, 1, '2025-05-02 16:22:44'),
(295, 295, 148000.00, 1, '2025-05-02 16:22:44'),
(296, 296, 13000.00, 1, '2025-05-02 16:22:44'),
(297, 297, 12000.00, 1, '2025-05-02 16:22:44'),
(298, 298, 500.00, 1, '2025-05-02 16:22:44');

-- --------------------------------------------------------

--
-- Table structure for table `prescription`
--

CREATE TABLE `prescription` (
  `prescription_id` int(11) NOT NULL,
  `appointment_id` int(11) NOT NULL,
  `description` varchar(255) DEFAULT NULL,
  `created_at` timestamp NOT NULL DEFAULT current_timestamp()
) ENGINE=InnoDB DEFAULT CHARSET=utf8mb4 COLLATE=utf8mb4_general_ci;

--
-- Dumping data for table `prescription`
--

INSERT INTO `prescription` (`prescription_id`, `appointment_id`, `description`, `created_at`) VALUES
(1, 1, NULL, '2025-05-02 15:42:56'),
(2, 2, 'Doxycycline - 100mg, once daily, Tramadol - 50mg, every 6 hours as needed for pain', '2025-05-02 15:42:56'),
(3, 3, 'SalivaSure - 1 tablet every 4 hours for dry mouth', '2025-05-02 15:42:56'),
(4, 4, 'Diazepam - 5mg, 1 hour before procedure, Tramadol - 50mg, every 6 hours as needed for pain', '2025-05-02 15:42:56'),
(5, 5, 'Nystatin - 5ml oral suspension, 4 times daily', '2025-05-02 15:42:56'),
(6, 6, 'Magic Mouthwash - Swish 10ml, 3 times daily, Codeine - 15mg, every 4 hours as needed, Prednisone - 10mg, once daily for 5 days', '2025-05-02 15:42:56'),
(7, 7, NULL, '2025-05-02 15:42:56'),
(8, 8, 'Articaine - Apply locally before procedure', '2025-05-02 15:42:56'),
(9, 9, 'SalivaSure - 1 tablet every 4 hours for dry mouth, Orabase with Benzocaine - Apply to sore area as needed, Nystatin - 5ml oral suspension, 4 times daily', '2025-05-02 15:42:56'),
(10, 10, 'Rinsinol - Swish and spit twice daily, SalivaSure - 1 tablet every 4 hours for dry mouth', '2025-05-02 15:42:56'),
(11, 11, 'Pilocarpine - 5mg, 3 times daily for dry mouth, Miconazole Oral Gel - Apply pea-sized amount, 4 times daily', '2025-05-02 15:42:56'),
(12, 12, 'Aspirin - 325mg, every 4 hours for pain, CloSYS Oral Rinse - Rinse twice daily, Articaine - Apply locally before procedure', '2025-05-02 15:42:56'),
(13, 13, 'Oxycodone/Acetaminophen - 1 tablet every 6 hours for severe pain', '2025-05-02 15:42:56'),
(14, 14, NULL, '2025-05-02 15:42:56'),
(15, 15, 'Ibuprofen - 400mg, every 6 hours as needed, Lidocaine - Apply as needed before procedure, Ketorolac - 10mg, every 46 hours as needed', '2025-05-02 15:42:56'),
(16, 16, 'Colgate Peroxyl - Rinse for 1 minute, up to 4 times daily, Ibuprofen - 400mg, every 6 hours as needed', '2025-05-02 15:42:56'),
(17, 17, 'Hydrocodone/Acetaminophen - 1 tablet, every 6 hours as needed for pain', '2025-05-02 15:42:56'),
(18, 18, 'Alprazolam - 0.25mg, 30 minutes before appointment', '2025-05-02 15:42:56'),
(19, 19, 'Dyclonine - Apply topically every 4 hours', '2025-05-02 15:42:56'),
(20, 20, NULL, '2025-05-02 15:42:56'),
(21, 21, 'Bupivacaine - Inject before surgery', '2025-05-02 15:42:56'),
(22, 22, 'Midazolam - 7.5mg, 1 hour before procedure', '2025-05-02 15:42:56'),
(23, 23, 'Zinc Lozenges - 1 lozenge every 2 hours as needed, Alprazolam - 0.25mg, 30 minutes before appointment, Magic Mouthwash - Swish 10ml, 3 times daily', '2025-05-02 15:42:56'),
(24, 24, 'Magic Mouthwash - Swish 10ml, 3 times daily', '2025-05-02 15:42:56'),
(25, 25, 'Acetaminophen/Caffeine - 1 tablet, twice daily', '2025-05-02 15:42:56'),
(26, 26, NULL, '2025-05-02 15:42:56'),
(27, 27, NULL, '2025-05-02 15:42:56'),
(28, 28, 'Clindamycin - 300mg, 4 times a day for 7 days', '2025-05-02 15:42:56'),
(29, 29, 'Mepivacaine - Local anesthetic, use as directed, Magic Mouthwash - Swish 10ml, 3 times daily, Midazolam - 7.5mg, 1 hour before procedure', '2025-05-02 15:42:56'),
(30, 30, 'Cephalexin - 500mg, every 6 hours for 7 days, Metronidazole - 400mg, 3 times a day for 5 days', '2025-05-02 15:42:56'),
(31, 31, 'Gly-Oxide - Apply to gums, twice daily', '2025-05-02 15:42:56'),
(32, 32, 'Doxycycline - 100mg, once daily, Clindamycin - 300mg, 4 times a day for 7 days, Penicillin VK - 500mg, every 6 hours for 10 days', '2025-05-02 15:42:56'),
(33, 33, 'Doxycycline - 100mg, once daily', '2025-05-02 15:42:56'),
(34, 34, 'Doxycycline - 100mg, once daily, Naproxen - 250mg, twice daily as needed', '2025-05-02 15:42:56'),
(35, 35, 'Nystatin - 5ml oral suspension, 4 times daily, SalivaSure - 1 tablet every 4 hours for dry mouth', '2025-05-02 15:42:56'),
(36, 36, 'Biotene - Use as needed for dry mouth', '2025-05-02 15:42:56'),
(37, 37, NULL, '2025-05-02 15:42:56'),
(38, 38, 'Penicillin VK - 500mg, every 6 hours for 10 days, Acetaminophen - 500mg, every 46 hours as needed', '2025-05-02 15:42:56'),
(39, 39, NULL, '2025-05-02 15:42:56'),
(40, 40, 'Orajel - Apply small amount to gums 34 times a day, Pilocarpine - 5mg, 3 times daily for dry mouth, Nystatin - 5ml oral suspension, 4 times daily', '2025-05-02 15:42:56'),
(41, 41, 'Penicillin VK - 500mg, every 6 hours for 10 days, Dexamethasone - 4mg, once daily for 3 days', '2025-05-02 15:42:56'),
(42, 42, 'Prednisone - 10mg, once daily for 5 days, Rinsinol - Swish and spit twice daily', '2025-05-02 15:42:56'),
(43, 43, 'Tetracycline - 250mg, 4 times a day for 10 days', '2025-05-02 15:42:56'),
(44, 44, 'Naproxen - 250mg, twice daily as needed', '2025-05-02 15:42:56'),
(45, 45, 'Alprazolam - 0.25mg, 30 minutes before appointment', '2025-05-02 15:42:56'),
(46, 46, 'Rinsinol - Swish and spit twice daily, Orabase with Benzocaine - Apply to sore area as needed, Biotene - Use as needed for dry mouth', '2025-05-02 15:42:56'),
(47, 47, 'Amoxicillin - 500mg, 3 times a day for 7 days, Orabase with Benzocaine - Apply to sore area as needed, Clindamycin - 300mg, 4 times a day for 7 days', '2025-05-02 15:42:56'),
(48, 48, 'Amoxicillin - 500mg, 3 times a day for 7 days, Alprazolam - 0.25mg, 30 minutes before appointment', '2025-05-02 15:42:56'),
(49, 49, 'Articaine - Apply locally before procedure, Ciprofloxacin - 500mg, twice daily for 5 days, Mepivacaine - Local anesthetic, use as directed', '2025-05-02 15:42:56'),
(50, 50, 'Gly-Oxide - Apply to gums, twice daily', '2025-05-02 15:42:56'),
(51, 51, 'Nystatin - 5ml oral suspension, 4 times daily', '2025-05-02 15:42:56'),
(52, 52, 'Ibuprofen - 400mg, every 6 hours as needed, Gly-Oxide - Apply to gums, twice daily, Doxycycline - 100mg, once daily', '2025-05-02 15:42:56'),
(53, 53, NULL, '2025-05-02 15:42:56'),
(54, 54, 'Anbesol - Apply to affected area as needed, Dexamethasone - 4mg, once daily for 3 days, Orajel - Apply small amount to gums 34 times a day', '2025-05-02 15:42:56'),
(55, 55, 'Doxycycline - 100mg, once daily, Minocycline - 100mg, twice daily', '2025-05-02 15:42:56'),
(56, 56, NULL, '2025-05-02 15:42:56'),
(57, 57, NULL, '2025-05-02 15:42:56'),
(58, 58, 'Carbamide Peroxide - Apply once daily for whitening, Zinc Lozenges - 1 lozenge every 2 hours as needed', '2025-05-02 15:42:56'),
(59, 59, 'Diazepam - 5mg, 1 hour before procedure, Ketorolac - 10mg, every 46 hours as needed', '2025-05-02 15:42:56'),
(60, 60, 'Naproxen - 250mg, twice daily as needed, Prednisone - 10mg, once daily for 5 days, Clindamycin - 300mg, 4 times a day for 7 days', '2025-05-02 15:42:56'),
(61, 61, 'Carbamide Peroxide - Apply once daily for whitening, Orabase with Benzocaine - Apply to sore area as needed, Aspirin - 325mg, every 4 hours for pain', '2025-05-02 15:42:56'),
(62, 62, 'Articaine - Apply locally before procedure, Orabase with Benzocaine - Apply to sore area as needed', '2025-05-02 15:42:56'),
(63, 63, 'CloSYS Oral Rinse - Rinse twice daily, Bupivacaine - Inject before surgery, Pilocarpine - 5mg, 3 times daily for dry mouth', '2025-05-02 15:42:56'),
(64, 64, 'Minocycline - 100mg, twice daily, Mepivacaine - Local anesthetic, use as directed, Dyclonine - Apply topically every 4 hours', '2025-05-02 15:42:56'),
(65, 65, 'Aspirin - 325mg, every 4 hours for pain, Orabase with Benzocaine - Apply to sore area as needed', '2025-05-02 15:42:56'),
(66, 66, 'Chlorhexidine Gluconate - Rinse with 15ml, twice daily', '2025-05-02 15:42:56'),
(67, 67, 'Diazepam - 5mg, 1 hour before procedure, Nystatin - 5ml oral suspension, 4 times daily, Mepivacaine - Local anesthetic, use as directed', '2025-05-02 15:42:56'),
(68, 68, NULL, '2025-05-02 15:42:56'),
(69, 69, NULL, '2025-05-02 15:42:56'),
(70, 70, 'Orabase with Benzocaine - Apply to sore area as needed, Aspirin - 325mg, every 4 hours for pain, Rinsinol - Swish and spit twice daily', '2025-05-02 15:42:56'),
(71, 71, 'Dyclonine - Apply topically every 4 hours, Zinc Lozenges - 1 lozenge every 2 hours as needed', '2025-05-02 15:42:56'),
(72, 72, 'Tramadol - 50mg, every 6 hours as needed for pain', '2025-05-02 15:42:56'),
(73, 73, 'Clindamycin - 300mg, 4 times a day for 7 days', '2025-05-02 15:42:56'),
(74, 74, 'Gly-Oxide - Apply to gums, twice daily, Rinsinol - Swish and spit twice daily', '2025-05-02 15:42:56'),
(75, 75, 'Rinsinol - Swish and spit twice daily', '2025-05-02 15:42:56'),
(76, 76, 'Orabase with Benzocaine - Apply to sore area as needed, Tramadol - 50mg, every 6 hours as needed for pain', '2025-05-02 15:42:56'),
(77, 77, 'Naproxen - 250mg, twice daily as needed, Tramadol - 50mg, every 6 hours as needed for pain', '2025-05-02 15:42:56'),
(78, 78, NULL, '2025-05-02 15:42:56'),
(79, 79, 'Acetaminophen/Caffeine - 1 tablet, twice daily, Midazolam - 7.5mg, 1 hour before procedure', '2025-05-02 15:42:56'),
(80, 80, NULL, '2025-05-02 15:42:56'),
(81, 81, 'Doxycycline - 100mg, once daily, Cephalexin - 500mg, every 6 hours for 7 days, Penicillin VK - 500mg, every 6 hours for 10 days', '2025-05-02 15:42:56'),
(82, 82, 'Erythromycin - 250mg, 4 times daily for 7 days, Acetaminophen/Caffeine - 1 tablet, twice daily', '2025-05-02 15:42:56'),
(83, 83, 'Ibuprofen - 400mg, every 6 hours as needed', '2025-05-02 15:42:56'),
(84, 84, 'Orajel - Apply small amount to gums 34 times a day, Colgate Peroxyl - Rinse for 1 minute, up to 4 times daily', '2025-05-02 15:42:56'),
(85, 85, 'Anbesol - Apply to affected area as needed', '2025-05-02 15:42:56'),
(86, 86, 'Ciprofloxacin - 500mg, twice daily for 5 days', '2025-05-02 15:42:56'),
(87, 87, 'Hydrogen Peroxide Rinse - Rinse for 30 seconds, twice daily', '2025-05-02 15:42:56'),
(88, 88, 'Lidocaine - Apply as needed before procedure, Zinc Lozenges - 1 lozenge every 2 hours as needed', '2025-05-02 15:42:56'),
(89, 89, NULL, '2025-05-02 15:42:56'),
(90, 90, NULL, '2025-05-02 15:42:56'),
(91, 91, NULL, '2025-05-02 15:42:56'),
(92, 92, NULL, '2025-05-02 15:42:56'),
(93, 93, 'Orajel - Apply small amount to gums 34 times a day', '2025-05-02 15:42:56'),
(94, 94, NULL, '2025-05-02 15:42:56'),
(95, 95, 'Ibuprofen - 400mg, every 6 hours as needed, Benzocaine Gel - Apply to affected area up to 4 times daily', '2025-05-02 15:42:56'),
(96, 96, 'CloSYS Oral Rinse - Rinse twice daily, Ciprofloxacin - 500mg, twice daily for 5 days', '2025-05-02 15:42:56'),
(97, 97, 'Gly-Oxide - Apply to gums, twice daily, Midazolam - 7.5mg, 1 hour before procedure, Magic Mouthwash - Swish 10ml, 3 times daily', '2025-05-02 15:42:56'),
(98, 98, 'Codeine - 15mg, every 4 hours as needed', '2025-05-02 15:42:56'),
(99, 99, 'Penicillin VK - 500mg, every 6 hours for 10 days, Paracetamol - 500mg, every 6 hours, Biotene - Use as needed for dry mouth', '2025-05-02 15:42:56'),
(100, 100, 'Orabase with Benzocaine - Apply to sore area as needed, Pilocarpine - 5mg, 3 times daily for dry mouth, Diazepam - 5mg, 1 hour before procedure', '2025-05-02 15:42:56'),
(101, 101, NULL, '2025-05-02 15:42:56'),
(102, 102, 'Mepivacaine - Local anesthetic, use as directed', '2025-05-02 15:42:56'),
(103, 103, 'Lidocaine - Apply as needed before procedure, Pilocarpine - 5mg, 3 times daily for dry mouth', '2025-05-02 15:42:56'),
(104, 104, 'Nystatin - 5ml oral suspension, 4 times daily', '2025-05-02 15:42:56'),
(105, 105, 'Minocycline - 100mg, twice daily, Nystatin - 5ml oral suspension, 4 times daily', '2025-05-02 15:42:56'),
(106, 106, 'Benzocaine Gel - Apply to affected area up to 4 times daily, CloSYS Oral Rinse - Rinse twice daily', '2025-05-02 15:42:56'),
(107, 107, 'Alprazolam - 0.25mg, 30 minutes before appointment, Diazepam - 5mg, 1 hour before procedure', '2025-05-02 15:42:56'),
(108, 108, 'Paracetamol - 500mg, every 6 hours, Orajel - Apply small amount to gums 34 times a day, Carbamide Peroxide - Apply once daily for whitening', '2025-05-02 15:42:56'),
(109, 109, 'Naproxen - 250mg, twice daily as needed, Bupivacaine - Inject before surgery, Midazolam - 7.5mg, 1 hour before procedure', '2025-05-02 15:42:56'),
(110, 110, 'Bupivacaine - Inject before surgery', '2025-05-02 15:42:56'),
(111, 111, 'Anbesol - Apply to affected area as needed, Acetaminophen/Caffeine - 1 tablet, twice daily', '2025-05-02 15:42:56'),
(112, 112, NULL, '2025-05-02 15:42:56'),
(113, 113, 'Orabase with Benzocaine - Apply to sore area as needed, Acetaminophen - 500mg, every 46 hours as needed', '2025-05-02 15:42:56'),
(114, 114, NULL, '2025-05-02 15:42:56'),
(115, 115, 'Ciprofloxacin - 500mg, twice daily for 5 days, Naproxen - 250mg, twice daily as needed, Codeine - 15mg, every 4 hours as needed', '2025-05-02 15:42:56'),
(116, 116, 'Carbamide Peroxide - Apply once daily for whitening', '2025-05-02 15:42:56'),
(117, 117, 'Paracetamol - 500mg, every 6 hours, Naproxen - 250mg, twice daily as needed', '2025-05-02 15:42:56'),
(118, 118, 'Mepivacaine - Local anesthetic, use as directed, Orajel - Apply small amount to gums 34 times a day', '2025-05-02 15:42:56'),
(119, 119, 'Cephalexin - 500mg, every 6 hours for 7 days', '2025-05-02 15:42:56'),
(120, 120, 'Cephalexin - 500mg, every 6 hours for 7 days', '2025-05-02 15:42:56'),
(121, 121, 'Rinsinol - Swish and spit twice daily', '2025-05-02 15:42:56'),
(122, 122, 'Diazepam - 5mg, 1 hour before procedure, Tetracycline - 250mg, 4 times a day for 10 days, Clindamycin - 300mg, 4 times a day for 7 days', '2025-05-02 15:42:56'),
(123, 123, 'Lidocaine - Apply as needed before procedure, Anbesol - Apply to affected area as needed, Aspirin - 325mg, every 4 hours for pain', '2025-05-02 15:42:56'),
(124, 124, NULL, '2025-05-02 15:42:56'),
(125, 125, 'CloSYS Oral Rinse - Rinse twice daily, Minocycline - 100mg, twice daily', '2025-05-02 15:42:56'),
(126, 126, 'Pilocarpine - 5mg, 3 times daily for dry mouth, Oxycodone/Acetaminophen - 1 tablet every 6 hours for severe pain', '2025-05-02 15:42:56'),
(127, 127, 'Benzocaine Gel - Apply to affected area up to 4 times daily', '2025-05-02 15:42:56'),
(128, 128, 'Tetracycline - 250mg, 4 times a day for 10 days, Chlorhexidine Gluconate - Rinse with 15ml, twice daily', '2025-05-02 15:42:56'),
(129, 129, 'Fluoride Supplements - 1 tablet daily at bedtime', '2025-05-02 15:42:56'),
(130, 130, 'Rinsinol - Swish and spit twice daily, Penicillin VK - 500mg, every 6 hours for 10 days', '2025-05-02 15:42:56'),
(131, 131, 'Minocycline - 100mg, twice daily', '2025-05-02 15:42:56'),
(132, 132, NULL, '2025-05-02 15:42:56'),
(133, 133, NULL, '2025-05-02 15:42:56'),
(134, 134, 'Paracetamol - 500mg, every 6 hours, Chlorhexidine Gluconate - Rinse with 15ml, twice daily', '2025-05-02 15:42:56'),
(135, 135, 'CloSYS Oral Rinse - Rinse twice daily, Acetaminophen/Caffeine - 1 tablet, twice daily, Cephalexin - 500mg, every 6 hours for 7 days', '2025-05-02 15:42:56'),
(136, 136, 'Benzocaine Gel - Apply to affected area up to 4 times daily, Hydrogen Peroxide Rinse - Rinse for 30 seconds, twice daily, Mepivacaine - Local anesthetic, use as directed', '2025-05-02 15:42:56'),
(137, 137, 'Pilocarpine - 5mg, 3 times daily for dry mouth', '2025-05-02 15:42:56'),
(138, 138, NULL, '2025-05-02 15:42:56'),
(139, 139, NULL, '2025-05-02 15:42:56'),
(140, 140, 'Acetaminophen/Caffeine - 1 tablet, twice daily, Hydrocodone/Acetaminophen - 1 tablet, every 6 hours as needed for pain', '2025-05-02 15:42:56'),
(141, 141, 'Pilocarpine - 5mg, 3 times daily for dry mouth, Oxycodone/Acetaminophen - 1 tablet every 6 hours for severe pain', '2025-05-02 15:42:56'),
(142, 142, 'Biotene - Use as needed for dry mouth, Ketorolac - 10mg, every 46 hours as needed', '2025-05-02 15:42:56'),
(143, 143, 'Pilocarpine - 5mg, 3 times daily for dry mouth, Mepivacaine - Local anesthetic, use as directed', '2025-05-02 15:42:56'),
(144, 144, 'Tetracycline - 250mg, 4 times a day for 10 days, Colgate Peroxyl - Rinse for 1 minute, up to 4 times daily, Hydrogen Peroxide Rinse - Rinse for 30 seconds, twice daily', '2025-05-02 15:42:56'),
(145, 145, 'Fluoride Supplements - 1 tablet daily at bedtime, SalivaSure - 1 tablet every 4 hours for dry mouth', '2025-05-02 15:42:56'),
(146, 146, 'Biotene - Use as needed for dry mouth, Tetracycline - 250mg, 4 times a day for 10 days', '2025-05-02 15:42:56'),
(147, 147, 'Naproxen - 250mg, twice daily as needed, Carbamide Peroxide - Apply once daily for whitening', '2025-05-02 15:42:56'),
(148, 148, 'Benzocaine Gel - Apply to affected area up to 4 times daily', '2025-05-02 15:42:56'),
(149, 149, NULL, '2025-05-02 15:42:56'),
(150, 150, NULL, '2025-05-02 15:42:56'),
(151, 151, NULL, '2025-05-02 15:42:56'),
(152, 152, 'Minocycline - 100mg, twice daily', '2025-05-02 15:42:56'),
(153, 153, 'Erythromycin - 250mg, 4 times daily for 7 days', '2025-05-02 15:42:56'),
(154, 154, NULL, '2025-05-02 15:42:56'),
(155, 155, NULL, '2025-05-02 15:42:56'),
(156, 156, 'Ciprofloxacin - 500mg, twice daily for 5 days, SalivaSure - 1 tablet every 4 hours for dry mouth, Mepivacaine - Local anesthetic, use as directed', '2025-05-02 15:42:56'),
(157, 157, 'Ibuprofen - 400mg, every 6 hours as needed, Orabase with Benzocaine - Apply to sore area as needed', '2025-05-02 15:42:56'),
(158, 158, 'Lidocaine - Apply as needed before procedure, Biotene - Use as needed for dry mouth', '2025-05-02 15:42:56'),
(159, 159, NULL, '2025-05-02 15:42:56'),
(160, 160, NULL, '2025-05-02 15:42:56'),
(161, 161, 'CloSYS Oral Rinse - Rinse twice daily, Metronidazole - 400mg, 3 times a day for 5 days', '2025-05-02 15:42:56'),
(162, 162, 'Zinc Lozenges - 1 lozenge every 2 hours as needed', '2025-05-02 15:42:56'),
(163, 163, NULL, '2025-05-02 15:42:56'),
(164, 164, 'Rinsinol - Swish and spit twice daily, Tetracycline - 250mg, 4 times a day for 10 days', '2025-05-02 15:42:56'),
(165, 165, 'Amoxicillin - 500mg, 3 times a day for 7 days, Dexamethasone - 4mg, once daily for 3 days', '2025-05-02 15:42:56'),
(166, 166, 'Orabase with Benzocaine - Apply to sore area as needed', '2025-05-02 15:42:56'),
(167, 167, 'Prednisone - 10mg, once daily for 5 days, Oxycodone/Acetaminophen - 1 tablet every 6 hours for severe pain, Naproxen - 250mg, twice daily as needed', '2025-05-02 15:42:56'),
(168, 168, 'Rinsinol - Swish and spit twice daily, Alprazolam - 0.25mg, 30 minutes before appointment', '2025-05-02 15:42:56'),
(169, 169, NULL, '2025-05-02 15:42:56'),
(170, 170, 'Erythromycin - 250mg, 4 times daily for 7 days', '2025-05-02 15:42:56'),
(171, 171, NULL, '2025-05-02 15:42:56'),
(172, 172, 'Hydrogen Peroxide Rinse - Rinse for 30 seconds, twice daily, Ibuprofen - 400mg, every 6 hours as needed', '2025-05-02 15:42:56'),
(173, 173, 'Dyclonine - Apply topically every 4 hours, Acetaminophen - 500mg, every 46 hours as needed', '2025-05-02 15:42:56'),
(174, 174, 'Zinc Lozenges - 1 lozenge every 2 hours as needed', '2025-05-02 15:42:56'),
(175, 175, 'Mepivacaine - Local anesthetic, use as directed, Diazepam - 5mg, 1 hour before procedure, Chlorhexidine Gluconate - Rinse with 15ml, twice daily', '2025-05-02 15:42:56'),
(176, 176, 'Hydrocodone/Acetaminophen - 1 tablet, every 6 hours as needed for pain', '2025-05-02 15:42:56'),
(177, 177, 'Orajel - Apply small amount to gums 34 times a day', '2025-05-02 15:42:56'),
(178, 178, 'Colgate Peroxyl - Rinse for 1 minute, up to 4 times daily', '2025-05-02 15:42:56'),
(179, 179, 'Colgate Peroxyl - Rinse for 1 minute, up to 4 times daily, Rinsinol - Swish and spit twice daily', '2025-05-02 15:42:56'),
(180, 180, 'Zinc Lozenges - 1 lozenge every 2 hours as needed, CloSYS Oral Rinse - Rinse twice daily', '2025-05-02 15:42:56'),
(181, 181, 'Benzocaine Gel - Apply to affected area up to 4 times daily, Minocycline - 100mg, twice daily', '2025-05-02 15:42:56'),
(182, 182, NULL, '2025-05-02 15:42:56'),
(183, 183, 'Naproxen - 250mg, twice daily as needed, Aspirin - 325mg, every 4 hours for pain, Mepivacaine - Local anesthetic, use as directed', '2025-05-02 15:42:56'),
(184, 184, 'Ibuprofen - 400mg, every 6 hours as needed, Benzocaine Gel - Apply to affected area up to 4 times daily, Pilocarpine - 5mg, 3 times daily for dry mouth', '2025-05-02 15:42:56'),
(185, 185, 'Ibuprofen - 400mg, every 6 hours as needed', '2025-05-02 15:42:56'),
(186, 186, NULL, '2025-05-02 15:42:56'),
(187, 187, 'Pilocarpine - 5mg, 3 times daily for dry mouth, Dexamethasone - 4mg, once daily for 3 days, Benzocaine Gel - Apply to affected area up to 4 times daily', '2025-05-02 15:42:56'),
(188, 188, NULL, '2025-05-02 15:42:56'),
(189, 189, NULL, '2025-05-02 15:42:56'),
(190, 190, 'Ciprofloxacin - 500mg, twice daily for 5 days, Bupivacaine - Inject before surgery', '2025-05-02 15:42:56'),
(191, 191, NULL, '2025-05-02 15:42:56'),
(192, 192, 'Clindamycin - 300mg, 4 times a day for 7 days, Erythromycin - 250mg, 4 times daily for 7 days, Tramadol - 50mg, every 6 hours as needed for pain', '2025-05-02 15:42:56'),
(193, 193, 'Penicillin VK - 500mg, every 6 hours for 10 days', '2025-05-02 15:42:56'),
(194, 194, 'CloSYS Oral Rinse - Rinse twice daily, Dexamethasone - 4mg, once daily for 3 days', '2025-05-02 15:42:56'),
(195, 195, 'Hydrocodone/Acetaminophen - 1 tablet, every 6 hours as needed for pain, Articaine - Apply locally before procedure', '2025-05-02 15:42:56'),
(196, 196, 'Magic Mouthwash - Swish 10ml, 3 times daily, Naproxen - 250mg, twice daily as needed, SalivaSure - 1 tablet every 4 hours for dry mouth', '2025-05-02 15:42:56'),
(197, 197, 'Fluoride Supplements - 1 tablet daily at bedtime, Doxycycline - 100mg, once daily', '2025-05-02 15:42:56'),
(198, 198, 'Anbesol - Apply to affected area as needed, Hydrogen Peroxide Rinse - Rinse for 30 seconds, twice daily, Benzocaine Gel - Apply to affected area up to 4 times daily', '2025-05-02 15:42:56'),
(199, 199, 'Nystatin - 5ml oral suspension, 4 times daily, Pilocarpine - 5mg, 3 times daily for dry mouth', '2025-05-02 15:42:56'),
(200, 200, 'Aspirin - 325mg, every 4 hours for pain', '2025-05-02 15:42:56'),
(201, 201, NULL, '2025-05-02 15:42:56'),
(202, 202, 'Carbamide Peroxide - Apply once daily for whitening, Acetaminophen/Caffeine - 1 tablet, twice daily, Amoxicillin - 500mg, 3 times a day for 7 days', '2025-05-02 15:42:56'),
(203, 203, 'Alprazolam - 0.25mg, 30 minutes before appointment, Amoxicillin - 500mg, 3 times a day for 7 days', '2025-05-02 15:42:56'),
(204, 204, 'Nystatin - 5ml oral suspension, 4 times daily, Ibuprofen - 400mg, every 6 hours as needed, Magic Mouthwash - Swish 10ml, 3 times daily', '2025-05-02 15:42:56'),
(205, 205, 'Acetaminophen/Caffeine - 1 tablet, twice daily, Anbesol - Apply to affected area as needed', '2025-05-02 15:42:56'),
(206, 206, 'Amoxicillin - 500mg, 3 times a day for 7 days, Anbesol - Apply to affected area as needed, Gly-Oxide - Apply to gums, twice daily', '2025-05-02 15:42:56'),
(207, 207, 'Amoxicillin - 500mg, 3 times a day for 7 days, Diazepam - 5mg, 1 hour before procedure, Clindamycin - 300mg, 4 times a day for 7 days', '2025-05-02 15:42:56'),
(208, 208, 'Oxycodone/Acetaminophen - 1 tablet every 6 hours for severe pain, Alprazolam - 0.25mg, 30 minutes before appointment, Codeine - 15mg, every 4 hours as needed', '2025-05-02 15:42:56'),
(209, 209, NULL, '2025-05-02 15:42:56'),
(210, 210, 'Chlorhexidine Gluconate - Rinse with 15ml, twice daily, Diazepam - 5mg, 1 hour before procedure', '2025-05-02 15:42:56'),
(211, 211, 'Gly-Oxide - Apply to gums, twice daily', '2025-05-02 15:42:56'),
(212, 212, 'Colgate Peroxyl - Rinse for 1 minute, up to 4 times daily, CloSYS Oral Rinse - Rinse twice daily', '2025-05-02 15:42:56'),
(213, 213, NULL, '2025-05-02 15:42:56'),
(214, 214, 'Ketorolac - 10mg, every 46 hours as needed, Diazepam - 5mg, 1 hour before procedure', '2025-05-02 15:42:56'),
(215, 215, 'Articaine - Apply locally before procedure, Orajel - Apply small amount to gums 34 times a day, Erythromycin - 250mg, 4 times daily for 7 days', '2025-05-02 15:42:56'),
(216, 216, 'Naproxen - 250mg, twice daily as needed, Articaine - Apply locally before procedure', '2025-05-02 15:42:56'),
(217, 217, 'Paracetamol - 500mg, every 6 hours, Erythromycin - 250mg, 4 times daily for 7 days', '2025-05-02 15:42:56'),
(218, 218, 'Cephalexin - 500mg, every 6 hours for 7 days', '2025-05-02 15:42:56'),
(219, 219, 'Midazolam - 7.5mg, 1 hour before procedure', '2025-05-02 15:42:56'),
(220, 220, 'Codeine - 15mg, every 4 hours as needed, CloSYS Oral Rinse - Rinse twice daily', '2025-05-02 15:42:56'),
(221, 221, 'SalivaSure - 1 tablet every 4 hours for dry mouth', '2025-05-02 15:42:56'),
(222, 222, 'Doxycycline - 100mg, once daily, Miconazole Oral Gel - Apply pea-sized amount, 4 times daily, Articaine - Apply locally before procedure', '2025-05-02 15:42:56'),
(223, 223, 'Midazolam - 7.5mg, 1 hour before procedure, Miconazole Oral Gel - Apply pea-sized amount, 4 times daily', '2025-05-02 15:42:56'),
(224, 224, 'Alprazolam - 0.25mg, 30 minutes before appointment, Gly-Oxide - Apply to gums, twice daily, Tetracycline - 250mg, 4 times a day for 10 days', '2025-05-02 15:42:56'),
(225, 225, 'Benzocaine Gel - Apply to affected area up to 4 times daily, Naproxen - 250mg, twice daily as needed', '2025-05-02 15:42:56'),
(226, 226, 'Orabase with Benzocaine - Apply to sore area as needed, Biotene - Use as needed for dry mouth', '2025-05-02 15:42:56'),
(227, 227, NULL, '2025-05-02 15:42:56'),
(228, 228, 'Erythromycin - 250mg, 4 times daily for 7 days, Bupivacaine - Inject before surgery, Doxycycline - 100mg, once daily', '2025-05-02 15:42:56'),
(229, 229, 'Prednisone - 10mg, once daily for 5 days, Acetaminophen - 500mg, every 46 hours as needed, Erythromycin - 250mg, 4 times daily for 7 days', '2025-05-02 15:42:56'),
(230, 230, 'Cephalexin - 500mg, every 6 hours for 7 days', '2025-05-02 15:42:56'),
(231, 231, 'Tramadol - 50mg, every 6 hours as needed for pain', '2025-05-02 15:42:56'),
(232, 232, NULL, '2025-05-02 15:42:56'),
(233, 233, 'Aspirin - 325mg, every 4 hours for pain', '2025-05-02 15:42:56'),
(234, 234, 'Cephalexin - 500mg, every 6 hours for 7 days, Rinsinol - Swish and spit twice daily, Alprazolam - 0.25mg, 30 minutes before appointment', '2025-05-02 15:42:56'),
(235, 235, 'Magic Mouthwash - Swish 10ml, 3 times daily, Tramadol - 50mg, every 6 hours as needed for pain', '2025-05-02 15:42:56'),
(236, 236, 'Rinsinol - Swish and spit twice daily, Hydrogen Peroxide Rinse - Rinse for 30 seconds, twice daily, Articaine - Apply locally before procedure', '2025-05-02 15:42:56'),
(237, 237, NULL, '2025-05-02 15:42:56'),
(238, 238, 'Hydrogen Peroxide Rinse - Rinse for 30 seconds, twice daily, Cephalexin - 500mg, every 6 hours for 7 days', '2025-05-02 15:42:56'),
(239, 239, 'Doxycycline - 100mg, once daily, SalivaSure - 1 tablet every 4 hours for dry mouth', '2025-05-02 15:42:56'),
(240, 240, NULL, '2025-05-02 15:42:56'),
(241, 241, 'Mepivacaine - Local anesthetic, use as directed, Hydrogen Peroxide Rinse - Rinse for 30 seconds, twice daily, Ketorolac - 10mg, every 46 hours as needed', '2025-05-02 15:42:56'),
(242, 242, 'Alprazolam - 0.25mg, 30 minutes before appointment, Gly-Oxide - Apply to gums, twice daily, Clindamycin - 300mg, 4 times a day for 7 days', '2025-05-02 15:42:56'),
(243, 243, 'Cephalexin - 500mg, every 6 hours for 7 days', '2025-05-02 15:42:56'),
(244, 244, 'Ketorolac - 10mg, every 46 hours as needed', '2025-05-02 15:42:56'),
(245, 245, 'Colgate Peroxyl - Rinse for 1 minute, up to 4 times daily, Minocycline - 100mg, twice daily', '2025-05-02 15:42:56'),
(246, 246, 'Bupivacaine - Inject before surgery, Ciprofloxacin - 500mg, twice daily for 5 days, Gly-Oxide - Apply to gums, twice daily', '2025-05-02 15:42:56'),
(247, 247, 'Chlorhexidine Gluconate - Rinse with 15ml, twice daily', '2025-05-02 15:42:56'),
(248, 248, 'Pilocarpine - 5mg, 3 times daily for dry mouth', '2025-05-02 15:42:56'),
(249, 249, 'Colgate Peroxyl - Rinse for 1 minute, up to 4 times daily, Dyclonine - Apply topically every 4 hours, Miconazole Oral Gel - Apply pea-sized amount, 4 times daily', '2025-05-02 15:42:56'),
(250, 250, NULL, '2025-05-02 15:42:56'),
(251, 251, 'Tetracycline - 250mg, 4 times a day for 10 days', '2025-05-02 15:42:56'),
(252, 252, 'Tramadol - 50mg, every 6 hours as needed for pain, Hydrogen Peroxide Rinse - Rinse for 30 seconds, twice daily', '2025-05-02 15:42:56'),
(253, 253, NULL, '2025-05-02 15:42:56'),
(254, 254, 'Ketorolac - 10mg, every 46 hours as needed, Benzocaine Gel - Apply to affected area up to 4 times daily, Biotene - Use as needed for dry mouth', '2025-05-02 15:42:56'),
(255, 255, 'Rinsinol - Swish and spit twice daily, Articaine - Apply locally before procedure', '2025-05-02 15:42:56'),
(256, 256, 'Nystatin - 5ml oral suspension, 4 times daily', '2025-05-02 15:42:56'),
(257, 257, NULL, '2025-05-02 15:42:56'),
(258, 258, 'Ketorolac - 10mg, every 46 hours as needed, Miconazole Oral Gel - Apply pea-sized amount, 4 times daily, Orajel - Apply small amount to gums 34 times a day', '2025-05-02 15:42:56'),
(259, 259, NULL, '2025-05-02 15:42:56'),
(260, 260, 'Magic Mouthwash - Swish 10ml, 3 times daily, Rinsinol - Swish and spit twice daily', '2025-05-02 15:42:56'),
(261, 261, NULL, '2025-05-02 15:42:56'),
(262, 262, 'Cephalexin - 500mg, every 6 hours for 7 days', '2025-05-02 15:42:56'),
(263, 263, NULL, '2025-05-02 15:42:56'),
(264, 264, NULL, '2025-05-02 15:42:56'),
(265, 265, 'Diazepam - 5mg, 1 hour before procedure, Benzocaine Gel - Apply to affected area up to 4 times daily, Aspirin - 325mg, every 4 hours for pain', '2025-05-02 15:42:56'),
(266, 266, 'Zinc Lozenges - 1 lozenge every 2 hours as needed', '2025-05-02 15:42:56'),
(267, 267, 'Articaine - Apply locally before procedure', '2025-05-02 15:42:56'),
(268, 268, 'Bupivacaine - Inject before surgery', '2025-05-02 15:42:56'),
(269, 269, 'Orabase with Benzocaine - Apply to sore area as needed', '2025-05-02 15:42:56'),
(270, 270, NULL, '2025-05-02 15:42:56'),
(271, 271, 'Ketorolac - 10mg, every 46 hours as needed, Colgate Peroxyl - Rinse for 1 minute, up to 4 times daily, Carbamide Peroxide - Apply once daily for whitening', '2025-05-02 15:42:56'),
(272, 272, 'Paracetamol - 500mg, every 6 hours, Colgate Peroxyl - Rinse for 1 minute, up to 4 times daily, Orajel - Apply small amount to gums 34 times a day', '2025-05-02 15:42:56'),
(273, 273, 'Colgate Peroxyl - Rinse for 1 minute, up to 4 times daily, Amoxicillin - 500mg, 3 times a day for 7 days', '2025-05-02 15:42:56'),
(274, 274, 'Rinsinol - Swish and spit twice daily, CloSYS Oral Rinse - Rinse twice daily, Ibuprofen - 400mg, every 6 hours as needed', '2025-05-02 15:42:56'),
(275, 275, 'Hydrocodone/Acetaminophen - 1 tablet, every 6 hours as needed for pain, Prednisone - 10mg, once daily for 5 days, Oxycodone/Acetaminophen - 1 tablet every 6 hours for severe pain', '2025-05-02 15:42:56'),
(276, 276, 'Midazolam - 7.5mg, 1 hour before procedure, Chlorhexidine Gluconate - Rinse with 15ml, twice daily', '2025-05-02 15:42:56'),
(277, 277, NULL, '2025-05-02 15:42:56'),
(278, 278, 'Dexamethasone - 4mg, once daily for 3 days', '2025-05-02 15:42:56'),
(279, 279, 'Nystatin - 5ml oral suspension, 4 times daily, Clindamycin - 300mg, 4 times a day for 7 days, Orajel - Apply small amount to gums 34 times a day', '2025-05-02 15:42:56'),
(280, 280, 'Penicillin VK - 500mg, every 6 hours for 10 days', '2025-05-02 15:42:56'),
(281, 281, 'Dyclonine - Apply topically every 4 hours', '2025-05-02 15:42:56'),
(282, 282, 'SalivaSure - 1 tablet every 4 hours for dry mouth', '2025-05-02 15:42:56'),
(283, 283, 'Biotene - Use as needed for dry mouth, Orajel - Apply small amount to gums 34 times a day, Ciprofloxacin - 500mg, twice daily for 5 days', '2025-05-02 15:42:56'),
(284, 284, 'Tetracycline - 250mg, 4 times a day for 10 days', '2025-05-02 15:42:56'),
(285, 285, 'Orajel - Apply small amount to gums 34 times a day, Gly-Oxide - Apply to gums, twice daily, Orabase with Benzocaine - Apply to sore area as needed', '2025-05-02 15:42:56'),
(286, 286, 'Bupivacaine - Inject before surgery', '2025-05-02 15:42:56'),
(287, 287, NULL, '2025-05-02 15:42:56'),
(288, 288, 'Lidocaine - Apply as needed before procedure', '2025-05-02 15:42:56'),
(289, 289, 'Cephalexin - 500mg, every 6 hours for 7 days', '2025-05-02 15:42:56'),
(290, 290, 'Doxycycline - 100mg, once daily, Oxycodone/Acetaminophen - 1 tablet every 6 hours for severe pain, Hydrocodone/Acetaminophen - 1 tablet, every 6 hours as needed for pain', '2025-05-02 15:42:56'),
(291, 291, NULL, '2025-05-02 15:42:56'),
(292, 292, 'Bupivacaine - Inject before surgery', '2025-05-02 15:42:56'),
(293, 293, 'Orajel - Apply small amount to gums 34 times a day, Biotene - Use as needed for dry mouth', '2025-05-02 15:42:56'),
(294, 294, 'Codeine - 15mg, every 4 hours as needed', '2025-05-02 15:42:56'),
(295, 295, NULL, '2025-05-02 15:42:56'),
(296, 296, 'Erythromycin - 250mg, 4 times daily for 7 days, Nystatin - 5ml oral suspension, 4 times daily', '2025-05-02 15:42:56'),
(297, 297, NULL, '2025-05-02 15:42:56'),
(298, 298, 'Minocycline - 100mg, twice daily', '2025-05-02 15:42:56');

-- --------------------------------------------------------

--
-- Table structure for table `service`
--

CREATE TABLE `service` (
  `service_id` int(11) NOT NULL,
  `name` varchar(50) NOT NULL,
  `description` varchar(255) NOT NULL,
  `price` int(11) NOT NULL
) ENGINE=InnoDB DEFAULT CHARSET=utf8mb4 COLLATE=utf8mb4_general_ci;

--
-- Dumping data for table `service`
--

INSERT INTO `service` (`service_id`, `name`, `description`, `price`) VALUES
(1, 'General Consultation', 'Initial dental examination and treatment planning', 500),
(2, 'Oral Prophylaxis', 'Professional cleaning to remove plaque and tartar', 800),
(3, 'Teeth Whitening', 'In-office bleaching treatment', 8000),
(4, 'Root Canal Therapy', 'Treatment for infected or damaged tooth pulp', 6500),
(5, 'Composite Filling', 'Tooth-colored filling for cavities', 1000),
(6, 'Porcelain Veneers', 'Thin shells applied to the front of teeth for aesthetic improvement', 10000),
(7, 'Zirconia Crown', 'Durable and aesthetic crown material', 25000),
(8, 'Ceramic Crown', 'All-ceramic crown for natural appearance', 16000),
(9, 'Porcelain Fused to Metal Crown', 'Crown with a metal base covered by porcelain', 10000),
(10, 'Temporary Crown', 'Short-term crown placed while waiting for permanent one', 1500),
(11, 'Dental Bridge', 'Restores missing teeth by bridging gaps', 10000),
(12, 'Partial Denture', 'Removable dental appliance to replace missing teeth', 8000),
(13, 'Complete Denture', 'Full set of removable teeth for edentulous patients', 20000),
(14, 'Flexible Denture', 'Comfortable and durable removable denture', 16000),
(15, 'Dental Implant', 'Surgical placement of a tooth root substitute', 88000),
(16, 'Orthodontic Consultation', 'Initial consultation for braces or other orthodontic treatments', 800),
(17, 'Braces (Metal)', 'Traditional metal braces to straighten teeth', 35000),
(18, 'Braces (Ceramic)', 'Less visible ceramic braces', 45000),
(19, 'Lingual Braces', 'Braces placed on the inner surface of the teeth', 60000),
(20, 'Invisalign', 'Clear aligners for teeth straightening', 60000),
(21, 'Teeth Extraction', 'Removal of a tooth', 1000),
(22, 'Wisdom Tooth Extraction', 'Surgical removal of impacted wisdom teeth', 8000),
(23, 'Gum Surgery', 'Surgical treatment for gum diseases', 15000),
(24, 'Frenectomy', 'Surgical removal of a frenulum (small fold of tissue)', 5000),
(25, 'Pediatric Dental Consultation', 'Dental examination for children', 600),
(26, 'Fluoride Treatment', 'Fluoride application to strengthen teeth', 500),
(27, 'Sealant Application', 'Coating for teeth to prevent cavities', 1000),
(28, 'Mouth Guard', 'Custom-fit guard for protecting teeth during sports', 2000),
(29, 'Night Guard', 'Custom-fit guard to prevent teeth grinding at night', 3000),
(30, 'TMJ Treatment', 'Treatment for jaw joint disorders', 4000),
(31, 'X-ray', 'Dental radiograph for diagnostic purposes', 700),
(32, 'Panoramic X-ray', 'Full-mouth radiograph to check for dental issues', 1500),
(33, 'Cone Beam CT Scan', '3D imaging for more detailed diagnostics', 5000),
(34, 'Laser Dentistry', 'Use of lasers for various dental procedures', 5000),
(35, 'Biopsy', 'Removal of tissue for examination', 8000),
(36, 'Teeth Contouring', 'Sculpting of teeth to improve appearance', 2000),
(37, 'Bonding', 'Application of tooth-colored resin to repair teeth', 2500),
(38, 'Dental Fillings (Silver)', 'Silver amalgam fillings for cavities', 1000),
(39, 'Dental Fillings (Gold)', 'Gold fillings for a more durable restoration', 5000),
(40, 'Scaling and Root Planing', 'Deep cleaning to treat gum disease', 3000),
(41, 'Sinus Lift Surgery', 'Procedure to add bone in the upper jaw for implant placement', 20000),
(42, 'Socket Preservation', 'Preservation of the jawbone after tooth extraction', 6000),
(43, 'Bone Grafting', 'Surgical procedure to add bone to the jaw', 15000),
(44, 'Oral Cancer Screening', 'Examination to check for signs of oral cancer', 1000),
(45, 'Saliva Test', 'Test to diagnose dental and systemic health issues', 1500),
(46, 'Cosmetic Bonding', 'Reshaping and bonding teeth for improved aesthetics', 3000),
(47, 'Smile Makeover', 'Combination of treatments to improve the appearance of your smile', 25000),
(48, 'Veneer Consultation', 'Initial consultation for porcelain veneers', 1000),
(49, 'Orthognathic Surgery', 'Corrective jaw surgery to treat severe jaw disorders', 50000),
(50, 'Denture Adjustment', 'Adjustment of dentures for better fit and comfort', 1500),
(51, 'Denture Reline', 'Refitting of dentures to improve function', 2000),
(52, 'Emergency Dental Care', 'Treatment for dental emergencies, including pain management', 3000),
(53, 'Sedation Dentistry', 'Use of sedatives for anxiety-free dental procedures', 4000);

-- --------------------------------------------------------

--
-- Table structure for table `sms`
--

CREATE TABLE `sms` (
  `sms_id` int(11) NOT NULL,
  `appointment_id` int(11) NOT NULL,
  `sms_template_id` int(11) NOT NULL,
  `contact_no` varchar(20) NOT NULL,
  `status` enum('sent','pending','failed') NOT NULL,
  `sent_at` timestamp NOT NULL DEFAULT current_timestamp(),
  `created_at` timestamp NOT NULL DEFAULT current_timestamp()
) ENGINE=InnoDB DEFAULT CHARSET=utf8mb4 COLLATE=utf8mb4_general_ci;

-- --------------------------------------------------------

--
-- Table structure for table `sms_template`
--

CREATE TABLE `sms_template` (
  `sms_template_id` int(11) NOT NULL,
  `name` varchar(25) NOT NULL,
  `format` varchar(255) NOT NULL,
  `created_at` timestamp NOT NULL DEFAULT current_timestamp()
) ENGINE=InnoDB DEFAULT CHARSET=utf8mb4 COLLATE=utf8mb4_general_ci;

--
-- Dumping data for table `sms_template`
--

INSERT INTO `sms_template` (`sms_template_id`, `name`, `format`, `created_at`) VALUES
(1, 'appointment confirmation', ' iFlair Dental: Hi {Patient Name}, your appointment with Dr. {Dentist} is confirmed for {Date} at {Time}. Reply YES to confirm or CALL {Clinic Number} to reschedule.\n\nThis is an auto-generated text. For inquiries, please call 1800-FLAIR-DC (1800-352-4732', '2025-05-05 05:55:12'),
(2, 'reminder', ' iFlair Dental: Friendly reminder! Your dental appointment is tomorrow, {Date} at {Time}. Kindly arrive 10 mins early. Cancel? Call {Clinic Number}.\n\nThis is an auto-generated text. For inquiries, please call 1800-FLAIR-DC (1800-352-4732) or email us at ', '2025-05-05 05:55:12'),
(3, 'promotional offer', ' iFlair Dental: Smile brighter! Get 20% off teeth whitening until {Date}. Book now: {Booking Link}. Offer code: FLAIR20.\n\nThis is an auto-generated text. For inquiries, please call 1800-FLAIR-DC (1800-352-4732) or email us at info@iflairdental.com. For a', '2025-05-05 05:55:12'),
(4, 'birthday greeting', ' iFlair Dental: Happy Birthday, {Patient Name}! Enjoy a free dental check-up this month. Book now: {Clinic Number}.\n\nThis is an auto-generated text. For inquiries, please call 1800-FLAIR-DC (1800-352-4732) or email us at info@iflairdental.com. For appoin', '2025-05-05 05:55:12'),
(5, 'feedback request', ' iFlair Dental: How was your visit? Rate us: {Rating Link}. Your feedback helps us improve!\n\nThis is an auto-generated text. For inquiries, please call 1800-FLAIR-DC (1800-352-4732) or email us at info@iflairdental.com. For appointment scheduling, email ', '2025-05-05 05:55:12'),
(6, 'new patient', ' iFlair Dental: Welcome, {Patient Name}! Your oral health is our priority. Download your patient forms here: {Form Link}.\n\nThis is an auto-generated text. For inquiries, please call 1800-FLAIR-DC (1800-352-4732) or email us at info@iflairdental.com. For ', '2025-05-05 05:55:12');

--
-- Indexes for dumped tables
--

--
-- Indexes for table `appointment`
--
ALTER TABLE `appointment`
  ADD PRIMARY KEY (`appointment_id`),
  ADD UNIQUE KEY `appointment_id` (`appointment_id`),
  ADD KEY `appointment_ibfk_1` (`patient_id`),
  ADD KEY `appointment_ibfk_2` (`employee_id`);

--
-- Indexes for table `appointment_service`
--
ALTER TABLE `appointment_service`
  ADD PRIMARY KEY (`appointment_id`,`service_id`),
  ADD KEY `appointment_service_ibfk_2` (`service_id`);

--
-- Indexes for table `employee`
--
ALTER TABLE `employee`
  ADD PRIMARY KEY (`employee_id`),
  ADD UNIQUE KEY `employee_id` (`employee_id`),
  ADD KEY `employee_ibfk_1` (`occupation_id`);

--
-- Indexes for table `medical_history`
--
ALTER TABLE `medical_history`
  ADD PRIMARY KEY (`medical_history_id`),
  ADD UNIQUE KEY `medical_history_id` (`medical_history_id`),
  ADD KEY `medical_history_ibfk_1` (`patient_id`);

--
-- Indexes for table `occupation`
--
ALTER TABLE `occupation`
  ADD PRIMARY KEY (`occupation_id`),
  ADD UNIQUE KEY `occupation_id` (`occupation_id`);

--
-- Indexes for table `patient`
--
ALTER TABLE `patient`
  ADD PRIMARY KEY (`patient_id`),
  ADD UNIQUE KEY `patient_id` (`patient_id`);

--
-- Indexes for table `payment`
--
ALTER TABLE `payment`
  ADD PRIMARY KEY (`payment_id`),
  ADD UNIQUE KEY `payment_id` (`payment_id`),
  ADD UNIQUE KEY `payment_ibfk_1` (`appointment_id`) USING BTREE;

--
-- Indexes for table `prescription`
--
ALTER TABLE `prescription`
  ADD PRIMARY KEY (`prescription_id`),
  ADD UNIQUE KEY `prescription_id` (`prescription_id`),
  ADD UNIQUE KEY `prescription_ibfk_1` (`appointment_id`) USING BTREE;

--
-- Indexes for table `service`
--
ALTER TABLE `service`
  ADD PRIMARY KEY (`service_id`),
  ADD UNIQUE KEY `service_id` (`service_id`);

--
-- Indexes for table `sms`
--
ALTER TABLE `sms`
  ADD PRIMARY KEY (`sms_id`),
  ADD UNIQUE KEY `sms_id` (`sms_id`),
  ADD KEY `fk_sms_template` (`sms_template_id`),
  ADD KEY `sms_ibfk_1` (`appointment_id`);

--
-- Indexes for table `sms_template`
--
ALTER TABLE `sms_template`
  ADD PRIMARY KEY (`sms_template_id`);

--
-- AUTO_INCREMENT for dumped tables
--

--
-- AUTO_INCREMENT for table `appointment`
--
ALTER TABLE `appointment`
  MODIFY `appointment_id` int(11) NOT NULL AUTO_INCREMENT, AUTO_INCREMENT=299;

--
-- AUTO_INCREMENT for table `employee`
--
ALTER TABLE `employee`
  MODIFY `employee_id` int(11) NOT NULL AUTO_INCREMENT, AUTO_INCREMENT=81;

--
-- AUTO_INCREMENT for table `medical_history`
--
ALTER TABLE `medical_history`
  MODIFY `medical_history_id` int(11) NOT NULL AUTO_INCREMENT, AUTO_INCREMENT=51;

--
-- AUTO_INCREMENT for table `occupation`
--
ALTER TABLE `occupation`
  MODIFY `occupation_id` int(11) NOT NULL AUTO_INCREMENT, AUTO_INCREMENT=22;

--
-- AUTO_INCREMENT for table `patient`
--
ALTER TABLE `patient`
  MODIFY `patient_id` int(11) NOT NULL AUTO_INCREMENT, AUTO_INCREMENT=51;

--
-- AUTO_INCREMENT for table `payment`
--
ALTER TABLE `payment`
  MODIFY `payment_id` int(11) NOT NULL AUTO_INCREMENT, AUTO_INCREMENT=299;

--
-- AUTO_INCREMENT for table `prescription`
--
ALTER TABLE `prescription`
  MODIFY `prescription_id` int(11) NOT NULL AUTO_INCREMENT, AUTO_INCREMENT=299;

--
-- AUTO_INCREMENT for table `service`
--
ALTER TABLE `service`
  MODIFY `service_id` int(11) NOT NULL AUTO_INCREMENT, AUTO_INCREMENT=54;

--
-- AUTO_INCREMENT for table `sms`
--
ALTER TABLE `sms`
  MODIFY `sms_id` int(11) NOT NULL AUTO_INCREMENT;

--
-- AUTO_INCREMENT for table `sms_template`
--
ALTER TABLE `sms_template`
  MODIFY `sms_template_id` int(11) NOT NULL AUTO_INCREMENT, AUTO_INCREMENT=7;

--
-- Constraints for dumped tables
--

--
-- Constraints for table `appointment`
--
ALTER TABLE `appointment`
  ADD CONSTRAINT `appointment_ibfk_1` FOREIGN KEY (`patient_id`) REFERENCES `patient` (`patient_id`),
  ADD CONSTRAINT `appointment_ibfk_2` FOREIGN KEY (`employee_id`) REFERENCES `employee` (`employee_id`);

--
-- Constraints for table `appointment_service`
--
ALTER TABLE `appointment_service`
  ADD CONSTRAINT `appointment_service_ibfk_1` FOREIGN KEY (`appointment_id`) REFERENCES `appointment` (`appointment_id`),
  ADD CONSTRAINT `appointment_service_ibfk_2` FOREIGN KEY (`service_id`) REFERENCES `service` (`service_id`);

--
-- Constraints for table `employee`
--
ALTER TABLE `employee`
  ADD CONSTRAINT `employee_ibfk_1` FOREIGN KEY (`occupation_id`) REFERENCES `occupation` (`occupation_id`);

--
-- Constraints for table `medical_history`
--
ALTER TABLE `medical_history`
  ADD CONSTRAINT `medical_history_ibfk_1` FOREIGN KEY (`patient_id`) REFERENCES `patient` (`patient_id`);

--
-- Constraints for table `payment`
--
ALTER TABLE `payment`
  ADD CONSTRAINT `payment_ibfk_1` FOREIGN KEY (`appointment_id`) REFERENCES `appointment` (`appointment_id`);

--
-- Constraints for table `prescription`
--
ALTER TABLE `prescription`
  ADD CONSTRAINT `prescription_ibfk_1` FOREIGN KEY (`appointment_id`) REFERENCES `appointment` (`appointment_id`);

--
-- Constraints for table `sms`
--
ALTER TABLE `sms`
  ADD CONSTRAINT `fk_sms_template` FOREIGN KEY (`sms_template_id`) REFERENCES `sms_template` (`sms_template_id`),
  ADD CONSTRAINT `sms_ibfk_1` FOREIGN KEY (`appointment_id`) REFERENCES `appointment` (`appointment_id`);
COMMIT;

/*!40101 SET CHARACTER_SET_CLIENT=@OLD_CHARACTER_SET_CLIENT */;
/*!40101 SET CHARACTER_SET_RESULTS=@OLD_CHARACTER_SET_RESULTS */;
/*!40101 SET COLLATION_CONNECTION=@OLD_COLLATION_CONNECTION */;
